2025-08-12 18:24:41 | INFO     | main:196 - ==================================================
2025-08-12 18:24:41 | INFO     | main:197 - ЗАПУСК СБОРЩИКА ДАННЫХ Binance | BTCUSDT | 1m
2025-08-12 18:24:41 | INFO     | main:198 - Период: 2017-01-01 по 2025-08-08
2025-08-12 18:24:41 | INFO     | main:199 - ==================================================
2025-08-12 18:24:41 | INFO     | setup_binance_client:33 - Инициализация Binance API клиента...
2025-08-12 18:24:42 | SUCCESS  | setup_binance_client:37 - Успешное подключение к Binance API
2025-08-12 18:24:42 | INFO     | get_historical_data:69 - Запрос данных для BTCUSDT с 2017-01-01 по 2025-08-08
2025-08-12 18:24:44 | INFO     | get_historical_data:108 - Загружено 1000 свечей | Общее количество: 5000 | Диапазон: 2017-08-20 03:40 - 2017-08-20 20:19
2025-08-12 18:24:46 | INFO     | get_historical_data:108 - Загружено 1000 свечей | Общее количество: 10000 | Диапазон: 2017-08-23 15:00 - 2017-08-24 07:39
2025-08-12 18:24:48 | INFO     | get_historical_data:108 - Загружено 1000 свечей | Общее количество: 15000 | Диапазон: 2017-08-27 02:20 - 2017-08-27 18:59
2025-08-12 18:24:51 | INFO     | get_historical_data:108 - Загружено 1000 свечей | Общее количество: 20000 | Диапазон: 2017-08-30 13:40 - 2017-08-31 06:19
2025-08-12 18:24:53 | INFO     | get_historical_data:108 - Загружено 1000 свечей | Общее количество: 25000 | Диапазон: 2017-09-03 01:00 - 2017-09-03 17:39
2025-08-12 18:24:55 | INFO     | get_historical_data:108 - Загружено 1000 свечей | Общее количество: 30000 | Диапазон: 2017-09-06 12:20 - 2017-09-07 11:58
2025-08-12 18:24:57 | INFO     | get_historical_data:108 - Загружено 1000 свечей | Общее количество: 35000 | Диапазон: 2017-09-10 06:39 - 2017-09-10 23:18
2025-08-12 18:24:59 | INFO     | get_historical_data:108 - Загружено 1000 свечей | Общее количество: 40000 | Диапазон: 2017-09-13 17:59 - 2017-09-14 10:38
2025-08-12 18:25:01 | INFO     | get_historical_data:108 - Загружено 1000 свечей | Общее количество: 45000 | Диапазон: 2017-09-17 05:19 - 2017-09-17 21:58
2025-08-12 18:25:04 | INFO     | get_historical_data:108 - Загружено 1000 свечей | Общее количество: 50000 | Диапазон: 2017-09-20 16:39 - 2017-09-21 09:18
2025-08-12 18:25:06 | INFO     | get_historical_data:108 - Загружено 1000 свечей | Общее количество: 55000 | Диапазон: 2017-09-24 03:59 - 2017-09-24 20:38
2025-08-12 18:25:08 | INFO     | get_historical_data:108 - Загружено 1000 свечей | Общее количество: 60000 | Диапазон: 2017-09-27 15:19 - 2017-09-28 07:58
2025-08-12 18:25:10 | INFO     | get_historical_data:108 - Загружено 1000 свечей | Общее количество: 65000 | Диапазон: 2017-10-01 02:39 - 2017-10-01 19:18
2025-08-12 18:25:12 | INFO     | get_historical_data:108 - Загружено 1000 свечей | Общее количество: 70000 | Диапазон: 2017-10-04 13:59 - 2017-10-05 06:38
2025-08-12 18:25:15 | INFO     | get_historical_data:108 - Загружено 1000 свечей | Общее количество: 75000 | Диапазон: 2017-10-08 01:19 - 2017-10-08 17:58
2025-08-12 18:25:17 | INFO     | get_historical_data:108 - Загружено 1000 свечей | Общее количество: 80000 | Диапазон: 2017-10-11 12:39 - 2017-10-12 05:18
2025-08-12 18:25:20 | INFO     | get_historical_data:108 - Загружено 1000 свечей | Общее количество: 85000 | Диапазон: 2017-10-14 23:59 - 2017-10-15 16:38
2025-08-12 18:25:22 | INFO     | get_historical_data:108 - Загружено 1000 свечей | Общее количество: 90000 | Диапазон: 2017-10-18 11:19 - 2017-10-19 03:58
2025-08-12 18:25:24 | INFO     | get_historical_data:108 - Загружено 1000 свечей | Общее количество: 95000 | Диапазон: 2017-10-21 22:39 - 2017-10-22 15:18
2025-08-12 18:25:26 | INFO     | get_historical_data:108 - Загружено 1000 свечей | Общее количество: 100000 | Диапазон: 2017-10-25 09:59 - 2017-10-26 02:38
2025-08-12 18:25:28 | INFO     | get_historical_data:108 - Загружено 1000 свечей | Общее количество: 105000 | Диапазон: 2017-10-28 21:19 - 2017-10-29 13:58
2025-08-12 18:25:30 | INFO     | get_historical_data:108 - Загружено 1000 свечей | Общее количество: 110000 | Диапазон: 2017-11-01 08:39 - 2017-11-02 01:18
2025-08-12 18:25:33 | INFO     | get_historical_data:108 - Загружено 1000 свечей | Общее количество: 115000 | Диапазон: 2017-11-04 19:59 - 2017-11-05 12:38
2025-08-12 18:25:35 | INFO     | get_historical_data:108 - Загружено 1000 свечей | Общее количество: 120000 | Диапазон: 2017-11-08 07:19 - 2017-11-08 23:58
2025-08-12 18:25:37 | INFO     | get_historical_data:108 - Загружено 1000 свечей | Общее количество: 125000 | Диапазон: 2017-11-11 18:39 - 2017-11-12 11:18
2025-08-12 18:25:39 | INFO     | get_historical_data:108 - Загружено 1000 свечей | Общее количество: 130000 | Диапазон: 2017-11-15 05:59 - 2017-11-15 22:38
2025-08-12 18:25:41 | INFO     | get_historical_data:108 - Загружено 1000 свечей | Общее количество: 135000 | Диапазон: 2017-11-18 17:19 - 2017-11-19 09:58
2025-08-12 18:25:43 | INFO     | get_historical_data:108 - Загружено 1000 свечей | Общее количество: 140000 | Диапазон: 2017-11-22 04:39 - 2017-11-22 21:18
2025-08-12 18:25:46 | INFO     | get_historical_data:108 - Загружено 1000 свечей | Общее количество: 145000 | Диапазон: 2017-11-25 15:59 - 2017-11-26 08:38
2025-08-12 18:25:48 | INFO     | get_historical_data:108 - Загружено 1000 свечей | Общее количество: 150000 | Диапазон: 2017-11-29 03:19 - 2017-11-29 19:58
2025-08-12 18:25:50 | INFO     | get_historical_data:108 - Загружено 1000 свечей | Общее количество: 155000 | Диапазон: 2017-12-02 14:39 - 2017-12-03 07:18
2025-08-12 18:25:52 | INFO     | get_historical_data:108 - Загружено 1000 свечей | Общее количество: 160000 | Диапазон: 2017-12-06 02:47 - 2017-12-06 19:26
2025-08-12 18:25:55 | INFO     | get_historical_data:108 - Загружено 1000 свечей | Общее количество: 165000 | Диапазон: 2017-12-09 14:07 - 2017-12-10 06:46
2025-08-12 18:25:57 | INFO     | get_historical_data:108 - Загружено 1000 свечей | Общее количество: 170000 | Диапазон: 2017-12-13 01:27 - 2017-12-13 18:06
2025-08-12 18:25:59 | INFO     | get_historical_data:108 - Загружено 1000 свечей | Общее количество: 175000 | Диапазон: 2017-12-16 12:47 - 2017-12-17 05:26
2025-08-12 18:26:01 | INFO     | get_historical_data:108 - Загружено 1000 свечей | Общее количество: 180000 | Диапазон: 2017-12-20 01:24 - 2017-12-20 18:03
2025-08-12 18:26:03 | INFO     | get_historical_data:108 - Загружено 1000 свечей | Общее количество: 185000 | Диапазон: 2017-12-23 12:44 - 2017-12-24 05:23
2025-08-12 18:26:06 | INFO     | get_historical_data:108 - Загружено 1000 свечей | Общее количество: 190000 | Диапазон: 2017-12-27 00:04 - 2017-12-27 16:43
2025-08-12 18:26:08 | INFO     | get_historical_data:108 - Загружено 1000 свечей | Общее количество: 195000 | Диапазон: 2017-12-30 11:24 - 2017-12-31 04:03
2025-08-12 18:26:10 | INFO     | get_historical_data:108 - Загружено 1000 свечей | Общее количество: 200000 | Диапазон: 2018-01-02 22:44 - 2018-01-03 15:23
2025-08-12 18:26:12 | INFO     | get_historical_data:108 - Загружено 1000 свечей | Общее количество: 205000 | Диапазон: 2018-01-06 12:09 - 2018-01-07 04:48
2025-08-12 18:26:15 | INFO     | get_historical_data:108 - Загружено 1000 свечей | Общее количество: 210000 | Диапазон: 2018-01-09 23:29 - 2018-01-10 16:08
2025-08-12 18:26:17 | INFO     | get_historical_data:108 - Загружено 1000 свечей | Общее количество: 215000 | Диапазон: 2018-01-13 10:49 - 2018-01-14 03:28
2025-08-12 18:26:19 | INFO     | get_historical_data:108 - Загружено 1000 свечей | Общее количество: 220000 | Диапазон: 2018-01-16 22:09 - 2018-01-17 14:48
2025-08-12 18:26:21 | INFO     | get_historical_data:108 - Загружено 1000 свечей | Общее количество: 225000 | Диапазон: 2018-01-20 09:29 - 2018-01-21 02:08
2025-08-12 18:26:24 | INFO     | get_historical_data:108 - Загружено 1000 свечей | Общее количество: 230000 | Диапазон: 2018-01-23 20:49 - 2018-01-24 13:28
2025-08-12 18:26:26 | INFO     | get_historical_data:108 - Загружено 1000 свечей | Общее количество: 235000 | Диапазон: 2018-01-27 08:09 - 2018-01-28 00:48
2025-08-12 18:26:28 | INFO     | get_historical_data:108 - Загружено 1000 свечей | Общее количество: 240000 | Диапазон: 2018-01-30 19:29 - 2018-01-31 12:08
2025-08-12 18:26:31 | INFO     | get_historical_data:108 - Загружено 1000 свечей | Общее количество: 245000 | Диапазон: 2018-02-03 06:49 - 2018-02-03 23:28
2025-08-12 18:26:33 | INFO     | get_historical_data:108 - Загружено 1000 свечей | Общее количество: 250000 | Диапазон: 2018-02-06 18:09 - 2018-02-07 10:48
2025-08-12 18:26:35 | INFO     | get_historical_data:108 - Загружено 1000 свечей | Общее количество: 255000 | Диапазон: 2018-02-11 15:49 - 2018-02-12 08:28
2025-08-12 18:26:37 | INFO     | get_historical_data:108 - Загружено 1000 свечей | Общее количество: 260000 | Диапазон: 2018-02-15 03:09 - 2018-02-15 19:48
2025-08-12 18:26:39 | INFO     | get_historical_data:108 - Загружено 1000 свечей | Общее количество: 265000 | Диапазон: 2018-02-18 14:29 - 2018-02-19 07:08
2025-08-12 18:26:42 | INFO     | get_historical_data:108 - Загружено 1000 свечей | Общее количество: 270000 | Диапазон: 2018-02-22 01:49 - 2018-02-22 18:28
2025-08-12 18:26:44 | INFO     | get_historical_data:108 - Загружено 1000 свечей | Общее количество: 275000 | Диапазон: 2018-02-25 13:09 - 2018-02-26 05:48
2025-08-12 18:26:46 | INFO     | get_historical_data:108 - Загружено 1000 свечей | Общее количество: 280000 | Диапазон: 2018-03-01 00:29 - 2018-03-01 17:08
2025-08-12 18:26:48 | INFO     | get_historical_data:108 - Загружено 1000 свечей | Общее количество: 285000 | Диапазон: 2018-03-04 11:49 - 2018-03-05 04:28
2025-08-12 18:26:50 | INFO     | get_historical_data:108 - Загружено 1000 свечей | Общее количество: 290000 | Диапазон: 2018-03-07 23:09 - 2018-03-08 15:48
2025-08-12 18:26:53 | INFO     | get_historical_data:108 - Загружено 1000 свечей | Общее количество: 295000 | Диапазон: 2018-03-11 10:29 - 2018-03-12 03:08
2025-08-12 18:26:55 | INFO     | get_historical_data:108 - Загружено 1000 свечей | Общее количество: 300000 | Диапазон: 2018-03-14 21:49 - 2018-03-15 14:28
2025-08-12 18:26:57 | INFO     | get_historical_data:108 - Загружено 1000 свечей | Общее количество: 305000 | Диапазон: 2018-03-18 09:09 - 2018-03-19 01:48
2025-08-12 18:26:59 | INFO     | get_historical_data:108 - Загружено 1000 свечей | Общее количество: 310000 | Диапазон: 2018-03-21 20:29 - 2018-03-22 13:08
2025-08-12 18:27:02 | INFO     | get_historical_data:108 - Загружено 1000 свечей | Общее количество: 315000 | Диапазон: 2018-03-25 07:49 - 2018-03-26 00:28
2025-08-12 18:27:04 | INFO     | get_historical_data:108 - Загружено 1000 свечей | Общее количество: 320000 | Диапазон: 2018-03-28 19:09 - 2018-03-29 11:48
2025-08-12 18:27:07 | INFO     | get_historical_data:108 - Загружено 1000 свечей | Общее количество: 325000 | Диапазон: 2018-04-01 06:29 - 2018-04-01 23:08
2025-08-12 18:27:10 | INFO     | get_historical_data:108 - Загружено 1000 свечей | Общее количество: 330000 | Диапазон: 2018-04-04 17:49 - 2018-04-05 10:28
2025-08-12 18:27:12 | INFO     | get_historical_data:108 - Загружено 1000 свечей | Общее количество: 335000 | Диапазон: 2018-04-08 05:09 - 2018-04-08 21:48
2025-08-12 18:27:14 | INFO     | get_historical_data:108 - Загружено 1000 свечей | Общее количество: 340000 | Диапазон: 2018-04-11 16:29 - 2018-04-12 09:08
2025-08-12 18:27:16 | INFO     | get_historical_data:108 - Загружено 1000 свечей | Общее количество: 345000 | Диапазон: 2018-04-15 03:49 - 2018-04-15 20:28
2025-08-12 18:27:18 | INFO     | get_historical_data:108 - Загружено 1000 свечей | Общее количество: 350000 | Диапазон: 2018-04-18 15:09 - 2018-04-19 07:48
2025-08-12 18:27:21 | INFO     | get_historical_data:108 - Загружено 1000 свечей | Общее количество: 355000 | Диапазон: 2018-04-22 02:29 - 2018-04-22 19:08
2025-08-12 18:27:23 | INFO     | get_historical_data:108 - Загружено 1000 свечей | Общее количество: 360000 | Диапазон: 2018-04-25 13:49 - 2018-04-26 06:28
2025-08-12 18:27:26 | INFO     | get_historical_data:108 - Загружено 1000 свечей | Общее количество: 365000 | Диапазон: 2018-04-29 01:09 - 2018-04-29 17:48
2025-08-12 18:27:28 | INFO     | get_historical_data:108 - Загружено 1000 свечей | Общее количество: 370000 | Диапазон: 2018-05-02 12:29 - 2018-05-03 05:08
2025-08-12 18:27:30 | INFO     | get_historical_data:108 - Загружено 1000 свечей | Общее количество: 375000 | Диапазон: 2018-05-05 23:49 - 2018-05-06 16:28
2025-08-12 18:27:32 | INFO     | get_historical_data:108 - Загружено 1000 свечей | Общее количество: 380000 | Диапазон: 2018-05-09 11:09 - 2018-05-10 03:48
2025-08-12 18:27:35 | INFO     | get_historical_data:108 - Загружено 1000 свечей | Общее количество: 385000 | Диапазон: 2018-05-12 22:29 - 2018-05-13 15:08
2025-08-12 18:27:37 | INFO     | get_historical_data:108 - Загружено 1000 свечей | Общее количество: 390000 | Диапазон: 2018-05-16 09:49 - 2018-05-17 02:28
2025-08-12 18:27:39 | INFO     | get_historical_data:108 - Загружено 1000 свечей | Общее количество: 395000 | Диапазон: 2018-05-19 21:09 - 2018-05-20 13:48
2025-08-12 18:27:41 | INFO     | get_historical_data:108 - Загружено 1000 свечей | Общее количество: 400000 | Диапазон: 2018-05-23 08:29 - 2018-05-24 01:08
2025-08-12 18:27:43 | INFO     | get_historical_data:108 - Загружено 1000 свечей | Общее количество: 405000 | Диапазон: 2018-05-26 19:49 - 2018-05-27 12:28
2025-08-12 18:27:46 | INFO     | get_historical_data:108 - Загружено 1000 свечей | Общее количество: 410000 | Диапазон: 2018-05-30 07:09 - 2018-05-30 23:48
2025-08-12 18:27:48 | INFO     | get_historical_data:108 - Загружено 1000 свечей | Общее количество: 415000 | Диапазон: 2018-06-02 18:29 - 2018-06-03 11:08
2025-08-12 18:27:50 | INFO     | get_historical_data:108 - Загружено 1000 свечей | Общее количество: 420000 | Диапазон: 2018-06-06 05:49 - 2018-06-06 22:28
2025-08-12 18:27:52 | INFO     | get_historical_data:108 - Загружено 1000 свечей | Общее количество: 425000 | Диапазон: 2018-06-09 17:09 - 2018-06-10 09:48
2025-08-12 18:27:54 | INFO     | get_historical_data:108 - Загружено 1000 свечей | Общее количество: 430000 | Диапазон: 2018-06-13 04:29 - 2018-06-13 21:08
2025-08-12 18:27:57 | INFO     | get_historical_data:108 - Загружено 1000 свечей | Общее количество: 435000 | Диапазон: 2018-06-16 15:49 - 2018-06-17 08:28
2025-08-12 18:27:59 | INFO     | get_historical_data:108 - Загружено 1000 свечей | Общее количество: 440000 | Диапазон: 2018-06-20 03:09 - 2018-06-20 19:48
2025-08-12 18:28:01 | INFO     | get_historical_data:108 - Загружено 1000 свечей | Общее количество: 445000 | Диапазон: 2018-06-23 14:29 - 2018-06-24 07:08
2025-08-12 18:28:03 | INFO     | get_historical_data:108 - Загружено 1000 свечей | Общее количество: 450000 | Диапазон: 2018-06-27 11:49 - 2018-06-28 06:13
2025-08-12 18:28:05 | INFO     | get_historical_data:108 - Загружено 1000 свечей | Общее количество: 455000 | Диапазон: 2018-07-01 00:54 - 2018-07-01 17:33
2025-08-12 18:28:08 | INFO     | get_historical_data:108 - Загружено 1000 свечей | Общее количество: 460000 | Диапазон: 2018-07-04 19:51 - 2018-07-05 12:30
2025-08-12 18:28:10 | INFO     | get_historical_data:108 - Загружено 1000 свечей | Общее количество: 465000 | Диапазон: 2018-07-08 07:11 - 2018-07-08 23:50
2025-08-12 18:28:12 | INFO     | get_historical_data:108 - Загружено 1000 свечей | Общее количество: 470000 | Диапазон: 2018-07-11 18:31 - 2018-07-12 11:10
2025-08-12 18:28:14 | INFO     | get_historical_data:108 - Загружено 1000 свечей | Общее количество: 475000 | Диапазон: 2018-07-15 05:51 - 2018-07-15 22:30
2025-08-12 18:28:17 | INFO     | get_historical_data:108 - Загружено 1000 свечей | Общее количество: 480000 | Диапазон: 2018-07-18 17:11 - 2018-07-19 09:50
2025-08-12 18:28:19 | INFO     | get_historical_data:108 - Загружено 1000 свечей | Общее количество: 485000 | Диапазон: 2018-07-22 04:31 - 2018-07-22 21:10
2025-08-12 18:28:21 | INFO     | get_historical_data:108 - Загружено 1000 свечей | Общее количество: 490000 | Диапазон: 2018-07-25 15:51 - 2018-07-26 08:30
2025-08-12 18:28:24 | INFO     | get_historical_data:108 - Загружено 1000 свечей | Общее количество: 495000 | Диапазон: 2018-07-29 03:11 - 2018-07-29 19:50
2025-08-12 18:28:26 | INFO     | get_historical_data:108 - Загружено 1000 свечей | Общее количество: 500000 | Диапазон: 2018-08-01 14:31 - 2018-08-02 07:10
2025-08-12 18:28:28 | INFO     | get_historical_data:108 - Загружено 1000 свечей | Общее количество: 505000 | Диапазон: 2018-08-05 01:51 - 2018-08-05 18:30
2025-08-12 18:28:30 | INFO     | get_historical_data:108 - Загружено 1000 свечей | Общее количество: 510000 | Диапазон: 2018-08-08 13:11 - 2018-08-09 05:50
2025-08-12 18:28:32 | INFO     | get_historical_data:108 - Загружено 1000 свечей | Общее количество: 515000 | Диапазон: 2018-08-12 00:31 - 2018-08-12 17:10
2025-08-12 18:28:35 | INFO     | get_historical_data:108 - Загружено 1000 свечей | Общее количество: 520000 | Диапазон: 2018-08-15 11:51 - 2018-08-16 04:30
2025-08-12 18:28:37 | INFO     | get_historical_data:108 - Загружено 1000 свечей | Общее количество: 525000 | Диапазон: 2018-08-18 23:11 - 2018-08-19 15:50
2025-08-12 18:28:40 | INFO     | get_historical_data:108 - Загружено 1000 свечей | Общее количество: 530000 | Диапазон: 2018-08-22 10:31 - 2018-08-23 03:10
2025-08-12 18:28:42 | INFO     | get_historical_data:108 - Загружено 1000 свечей | Общее количество: 535000 | Диапазон: 2018-08-25 21:51 - 2018-08-26 14:30
2025-08-12 18:28:44 | INFO     | get_historical_data:108 - Загружено 1000 свечей | Общее количество: 540000 | Диапазон: 2018-08-29 09:11 - 2018-08-30 01:50
2025-08-12 18:28:46 | INFO     | get_historical_data:108 - Загружено 1000 свечей | Общее количество: 545000 | Диапазон: 2018-09-01 20:31 - 2018-09-02 13:10
2025-08-12 18:28:49 | INFO     | get_historical_data:108 - Загружено 1000 свечей | Общее количество: 550000 | Диапазон: 2018-09-05 07:51 - 2018-09-06 00:30
2025-08-12 18:28:51 | INFO     | get_historical_data:108 - Загружено 1000 свечей | Общее количество: 555000 | Диапазон: 2018-09-08 19:11 - 2018-09-09 11:50
2025-08-12 18:28:53 | INFO     | get_historical_data:108 - Загружено 1000 свечей | Общее количество: 560000 | Диапазон: 2018-09-12 06:31 - 2018-09-12 23:10
2025-08-12 18:28:55 | INFO     | get_historical_data:108 - Загружено 1000 свечей | Общее количество: 565000 | Диапазон: 2018-09-15 17:51 - 2018-09-16 10:30
2025-08-12 18:28:58 | INFO     | get_historical_data:108 - Загружено 1000 свечей | Общее количество: 570000 | Диапазон: 2018-09-19 05:11 - 2018-09-19 21:50
2025-08-12 18:29:00 | INFO     | get_historical_data:108 - Загружено 1000 свечей | Общее количество: 575000 | Диапазон: 2018-09-22 16:31 - 2018-09-23 09:10
2025-08-12 18:29:03 | INFO     | get_historical_data:108 - Загружено 1000 свечей | Общее количество: 580000 | Диапазон: 2018-09-26 03:51 - 2018-09-26 20:30
2025-08-12 18:29:05 | INFO     | get_historical_data:108 - Загружено 1000 свечей | Общее количество: 585000 | Диапазон: 2018-09-29 15:11 - 2018-09-30 07:50
2025-08-12 18:29:07 | INFO     | get_historical_data:108 - Загружено 1000 свечей | Общее количество: 590000 | Диапазон: 2018-10-03 02:31 - 2018-10-03 19:10
2025-08-12 18:29:09 | INFO     | get_historical_data:108 - Загружено 1000 свечей | Общее количество: 595000 | Диапазон: 2018-10-06 13:51 - 2018-10-07 06:30
2025-08-12 18:29:12 | INFO     | get_historical_data:108 - Загружено 1000 свечей | Общее количество: 600000 | Диапазон: 2018-10-10 01:11 - 2018-10-10 17:50
2025-08-12 18:29:14 | INFO     | get_historical_data:108 - Загружено 1000 свечей | Общее количество: 605000 | Диапазон: 2018-10-13 12:31 - 2018-10-14 05:10
2025-08-12 18:29:16 | INFO     | get_historical_data:108 - Загружено 1000 свечей | Общее количество: 610000 | Диапазон: 2018-10-16 23:51 - 2018-10-17 16:30
2025-08-12 18:29:18 | INFO     | get_historical_data:108 - Загружено 1000 свечей | Общее количество: 615000 | Диапазон: 2018-10-20 14:41 - 2018-10-21 07:20
2025-08-12 18:29:21 | INFO     | get_historical_data:108 - Загружено 1000 свечей | Общее количество: 620000 | Диапазон: 2018-10-24 02:01 - 2018-10-24 18:40
2025-08-12 18:29:23 | INFO     | get_historical_data:108 - Загружено 1000 свечей | Общее количество: 625000 | Диапазон: 2018-10-27 13:21 - 2018-10-28 06:00
2025-08-12 18:29:26 | INFO     | get_historical_data:108 - Загружено 1000 свечей | Общее количество: 630000 | Диапазон: 2018-10-31 00:41 - 2018-10-31 17:20
2025-08-12 18:29:28 | INFO     | get_historical_data:108 - Загружено 1000 свечей | Общее количество: 635000 | Диапазон: 2018-11-03 12:01 - 2018-11-04 04:40
2025-08-12 18:29:30 | INFO     | get_historical_data:108 - Загружено 1000 свечей | Общее количество: 640000 | Диапазон: 2018-11-06 23:21 - 2018-11-07 16:00
2025-08-12 18:29:32 | INFO     | get_historical_data:108 - Загружено 1000 свечей | Общее количество: 645000 | Диапазон: 2018-11-10 10:41 - 2018-11-11 03:20
2025-08-12 18:29:35 | INFO     | get_historical_data:108 - Загружено 1000 свечей | Общее количество: 650000 | Диапазон: 2018-11-13 22:01 - 2018-11-14 21:40
2025-08-12 18:29:37 | INFO     | get_historical_data:108 - Загружено 1000 свечей | Общее количество: 655000 | Диапазон: 2018-11-17 16:21 - 2018-11-18 09:00
2025-08-12 18:29:39 | INFO     | get_historical_data:108 - Загружено 1000 свечей | Общее количество: 660000 | Диапазон: 2018-11-21 03:41 - 2018-11-21 20:20
2025-08-12 18:29:42 | INFO     | get_historical_data:108 - Загружено 1000 свечей | Общее количество: 665000 | Диапазон: 2018-11-24 15:01 - 2018-11-25 07:40
2025-08-12 18:29:44 | INFO     | get_historical_data:108 - Загружено 1000 свечей | Общее количество: 670000 | Диапазон: 2018-11-28 02:21 - 2018-11-28 19:00
2025-08-12 18:29:46 | INFO     | get_historical_data:108 - Загружено 1000 свечей | Общее количество: 675000 | Диапазон: 2018-12-01 13:41 - 2018-12-02 06:20
2025-08-12 18:29:48 | INFO     | get_historical_data:108 - Загружено 1000 свечей | Общее количество: 680000 | Диапазон: 2018-12-05 01:01 - 2018-12-05 17:40
2025-08-12 18:29:51 | INFO     | get_historical_data:108 - Загружено 1000 свечей | Общее количество: 685000 | Диапазон: 2018-12-08 12:21 - 2018-12-09 05:00
2025-08-12 18:29:53 | INFO     | get_historical_data:108 - Загружено 1000 свечей | Общее количество: 690000 | Диапазон: 2018-12-11 23:41 - 2018-12-12 16:20
2025-08-12 18:29:55 | INFO     | get_historical_data:108 - Загружено 1000 свечей | Общее количество: 695000 | Диапазон: 2018-12-15 11:01 - 2018-12-16 03:40
2025-08-12 18:29:57 | INFO     | get_historical_data:108 - Загружено 1000 свечей | Общее количество: 700000 | Диапазон: 2018-12-18 22:21 - 2018-12-19 15:00
2025-08-12 18:29:59 | INFO     | get_historical_data:108 - Загружено 1000 свечей | Общее количество: 705000 | Диапазон: 2018-12-22 09:41 - 2018-12-23 02:20
2025-08-12 18:30:02 | INFO     | get_historical_data:108 - Загружено 1000 свечей | Общее количество: 710000 | Диапазон: 2018-12-25 21:01 - 2018-12-26 13:40
2025-08-12 18:30:06 | INFO     | get_historical_data:108 - Загружено 1000 свечей | Общее количество: 715000 | Диапазон: 2018-12-29 08:21 - 2018-12-30 01:00
2025-08-12 18:30:09 | INFO     | get_historical_data:108 - Загружено 1000 свечей | Общее количество: 720000 | Диапазон: 2019-01-01 19:41 - 2019-01-02 12:20
2025-08-12 18:30:11 | INFO     | get_historical_data:108 - Загружено 1000 свечей | Общее количество: 725000 | Диапазон: 2019-01-05 07:01 - 2019-01-05 23:40
2025-08-12 18:30:14 | INFO     | get_historical_data:108 - Загружено 1000 свечей | Общее количество: 730000 | Диапазон: 2019-01-08 18:21 - 2019-01-09 11:00
2025-08-12 18:30:16 | INFO     | get_historical_data:108 - Загружено 1000 свечей | Общее количество: 735000 | Диапазон: 2019-01-12 05:41 - 2019-01-12 22:20
2025-08-12 18:30:18 | INFO     | get_historical_data:108 - Загружено 1000 свечей | Общее количество: 740000 | Диапазон: 2019-01-15 17:01 - 2019-01-16 09:40
2025-08-12 18:30:20 | INFO     | get_historical_data:108 - Загружено 1000 свечей | Общее количество: 745000 | Диапазон: 2019-01-19 04:21 - 2019-01-19 21:00
2025-08-12 18:30:22 | INFO     | get_historical_data:108 - Загружено 1000 свечей | Общее количество: 750000 | Диапазон: 2019-01-22 15:41 - 2019-01-23 08:20
2025-08-12 18:30:25 | INFO     | get_historical_data:108 - Загружено 1000 свечей | Общее количество: 755000 | Диапазон: 2019-01-26 03:01 - 2019-01-26 19:40
2025-08-12 18:30:27 | INFO     | get_historical_data:108 - Загружено 1000 свечей | Общее количество: 760000 | Диапазон: 2019-01-29 14:21 - 2019-01-30 07:00
2025-08-12 18:30:30 | INFO     | get_historical_data:108 - Загружено 1000 свечей | Общее количество: 765000 | Диапазон: 2019-02-02 01:41 - 2019-02-02 18:20
2025-08-12 18:30:32 | INFO     | get_historical_data:108 - Загружено 1000 свечей | Общее количество: 770000 | Диапазон: 2019-02-05 13:01 - 2019-02-06 05:40
2025-08-12 18:30:34 | INFO     | get_historical_data:108 - Загружено 1000 свечей | Общее количество: 775000 | Диапазон: 2019-02-09 00:21 - 2019-02-09 17:00
2025-08-12 18:30:37 | INFO     | get_historical_data:108 - Загружено 1000 свечей | Общее количество: 780000 | Диапазон: 2019-02-12 11:41 - 2019-02-13 04:20
2025-08-12 18:30:39 | INFO     | get_historical_data:108 - Загружено 1000 свечей | Общее количество: 785000 | Диапазон: 2019-02-15 23:01 - 2019-02-16 15:40
2025-08-12 18:30:42 | INFO     | get_historical_data:108 - Загружено 1000 свечей | Общее количество: 790000 | Диапазон: 2019-02-19 10:21 - 2019-02-20 03:00
2025-08-12 18:30:44 | INFO     | get_historical_data:108 - Загружено 1000 свечей | Общее количество: 795000 | Диапазон: 2019-02-22 21:41 - 2019-02-23 14:20
2025-08-12 18:30:46 | INFO     | get_historical_data:108 - Загружено 1000 свечей | Общее количество: 800000 | Диапазон: 2019-02-26 09:01 - 2019-02-27 01:40
2025-08-12 18:30:48 | INFO     | get_historical_data:108 - Загружено 1000 свечей | Общее количество: 805000 | Диапазон: 2019-03-01 20:21 - 2019-03-02 13:00
2025-08-12 18:30:51 | INFO     | get_historical_data:108 - Загружено 1000 свечей | Общее количество: 810000 | Диапазон: 2019-03-05 07:41 - 2019-03-06 00:20
2025-08-12 18:30:53 | INFO     | get_historical_data:108 - Загружено 1000 свечей | Общее количество: 815000 | Диапазон: 2019-03-08 19:01 - 2019-03-09 11:40
2025-08-12 18:30:55 | INFO     | get_historical_data:108 - Загружено 1000 свечей | Общее количество: 820000 | Диапазон: 2019-03-12 06:21 - 2019-03-13 05:00
2025-08-12 18:30:57 | INFO     | get_historical_data:108 - Загружено 1000 свечей | Общее количество: 825000 | Диапазон: 2019-03-15 23:41 - 2019-03-16 16:20
2025-08-12 18:31:00 | INFO     | get_historical_data:108 - Загружено 1000 свечей | Общее количество: 830000 | Диапазон: 2019-03-19 11:01 - 2019-03-20 03:40
2025-08-12 18:31:02 | INFO     | get_historical_data:108 - Загружено 1000 свечей | Общее количество: 835000 | Диапазон: 2019-03-22 22:21 - 2019-03-23 15:00
2025-08-12 18:31:04 | INFO     | get_historical_data:108 - Загружено 1000 свечей | Общее количество: 840000 | Диапазон: 2019-03-26 09:41 - 2019-03-27 02:20
2025-08-12 18:31:07 | INFO     | get_historical_data:108 - Загружено 1000 свечей | Общее количество: 845000 | Диапазон: 2019-03-29 21:01 - 2019-03-30 13:40
2025-08-12 18:31:09 | INFO     | get_historical_data:108 - Загружено 1000 свечей | Общее количество: 850000 | Диапазон: 2019-04-02 08:21 - 2019-04-03 01:00
2025-08-12 18:31:12 | INFO     | get_historical_data:108 - Загружено 1000 свечей | Общее количество: 855000 | Диапазон: 2019-04-05 19:41 - 2019-04-06 12:20
2025-08-12 18:31:14 | INFO     | get_historical_data:108 - Загружено 1000 свечей | Общее количество: 860000 | Диапазон: 2019-04-09 07:01 - 2019-04-09 23:40
2025-08-12 18:31:17 | INFO     | get_historical_data:108 - Загружено 1000 свечей | Общее количество: 865000 | Диапазон: 2019-04-12 18:21 - 2019-04-13 11:00
2025-08-12 18:31:19 | INFO     | get_historical_data:108 - Загружено 1000 свечей | Общее количество: 870000 | Диапазон: 2019-04-16 05:41 - 2019-04-16 22:20
2025-08-12 18:31:21 | INFO     | get_historical_data:108 - Загружено 1000 свечей | Общее количество: 875000 | Диапазон: 2019-04-19 17:01 - 2019-04-20 09:40
2025-08-12 18:31:23 | INFO     | get_historical_data:108 - Загружено 1000 свечей | Общее количество: 880000 | Диапазон: 2019-04-23 04:21 - 2019-04-23 21:00
2025-08-12 18:31:25 | INFO     | get_historical_data:108 - Загружено 1000 свечей | Общее количество: 885000 | Диапазон: 2019-04-26 15:41 - 2019-04-27 08:20
2025-08-12 18:31:28 | INFO     | get_historical_data:108 - Загружено 1000 свечей | Общее количество: 890000 | Диапазон: 2019-04-30 03:01 - 2019-04-30 19:40
2025-08-12 18:31:30 | INFO     | get_historical_data:108 - Загружено 1000 свечей | Общее количество: 895000 | Диапазон: 2019-05-03 14:21 - 2019-05-04 07:00
2025-08-12 18:31:32 | INFO     | get_historical_data:108 - Загружено 1000 свечей | Общее количество: 900000 | Диапазон: 2019-05-07 01:41 - 2019-05-07 18:20
2025-08-12 18:31:35 | INFO     | get_historical_data:108 - Загружено 1000 свечей | Общее количество: 905000 | Диапазон: 2019-05-10 13:01 - 2019-05-11 05:40
2025-08-12 18:31:37 | INFO     | get_historical_data:108 - Загружено 1000 свечей | Общее количество: 910000 | Диапазон: 2019-05-14 00:21 - 2019-05-14 17:00
2025-08-12 18:31:40 | INFO     | get_historical_data:108 - Загружено 1000 свечей | Общее количество: 915000 | Диапазон: 2019-05-17 21:41 - 2019-05-18 14:20
2025-08-12 18:31:42 | INFO     | get_historical_data:108 - Загружено 1000 свечей | Общее количество: 920000 | Диапазон: 2019-05-21 09:01 - 2019-05-22 01:40
2025-08-12 18:31:46 | INFO     | get_historical_data:108 - Загружено 1000 свечей | Общее количество: 925000 | Диапазон: 2019-05-24 20:21 - 2019-05-25 13:00
2025-08-12 18:31:48 | INFO     | get_historical_data:108 - Загружено 1000 свечей | Общее количество: 930000 | Диапазон: 2019-05-28 07:41 - 2019-05-29 00:20
2025-08-12 18:31:50 | INFO     | get_historical_data:108 - Загружено 1000 свечей | Общее количество: 935000 | Диапазон: 2019-05-31 19:01 - 2019-06-01 11:40
2025-08-12 18:31:53 | INFO     | get_historical_data:108 - Загружено 1000 свечей | Общее количество: 940000 | Диапазон: 2019-06-04 06:21 - 2019-06-04 23:00
2025-08-12 18:31:55 | INFO     | get_historical_data:108 - Загружено 1000 свечей | Общее количество: 945000 | Диапазон: 2019-06-07 17:41 - 2019-06-08 11:21
2025-08-12 18:31:57 | INFO     | get_historical_data:108 - Загружено 1000 свечей | Общее количество: 950000 | Диапазон: 2019-06-11 06:02 - 2019-06-11 22:41
2025-08-12 18:31:59 | INFO     | get_historical_data:108 - Загружено 1000 свечей | Общее количество: 955000 | Диапазон: 2019-06-14 17:22 - 2019-06-15 10:01
2025-08-12 18:32:02 | INFO     | get_historical_data:108 - Загружено 1000 свечей | Общее количество: 960000 | Диапазон: 2019-06-18 04:42 - 2019-06-18 21:21
2025-08-12 18:32:04 | INFO     | get_historical_data:108 - Загружено 1000 свечей | Общее количество: 965000 | Диапазон: 2019-06-21 16:02 - 2019-06-22 08:41
2025-08-12 18:32:06 | INFO     | get_historical_data:108 - Загружено 1000 свечей | Общее количество: 970000 | Диапазон: 2019-06-25 03:22 - 2019-06-25 20:01
2025-08-12 18:32:08 | INFO     | get_historical_data:108 - Загружено 1000 свечей | Общее количество: 975000 | Диапазон: 2019-06-28 14:42 - 2019-06-29 07:21
2025-08-12 18:32:11 | INFO     | get_historical_data:108 - Загружено 1000 свечей | Общее количество: 980000 | Диапазон: 2019-07-02 02:02 - 2019-07-02 18:41
2025-08-12 18:32:13 | INFO     | get_historical_data:108 - Загружено 1000 свечей | Общее количество: 985000 | Диапазон: 2019-07-05 13:22 - 2019-07-06 06:01
2025-08-12 18:32:15 | INFO     | get_historical_data:108 - Загружено 1000 свечей | Общее количество: 990000 | Диапазон: 2019-07-09 00:42 - 2019-07-09 17:21
2025-08-12 18:32:18 | INFO     | get_historical_data:108 - Загружено 1000 свечей | Общее количество: 995000 | Диапазон: 2019-07-12 12:02 - 2019-07-13 04:41
2025-08-12 18:32:20 | INFO     | get_historical_data:108 - Загружено 1000 свечей | Общее количество: 1000000 | Диапазон: 2019-07-15 23:22 - 2019-07-16 16:01
2025-08-12 18:32:22 | INFO     | get_historical_data:108 - Загружено 1000 свечей | Общее количество: 1005000 | Диапазон: 2019-07-19 10:42 - 2019-07-20 03:21
2025-08-12 18:32:24 | INFO     | get_historical_data:108 - Загружено 1000 свечей | Общее количество: 1010000 | Диапазон: 2019-07-22 22:02 - 2019-07-23 14:41
2025-08-12 18:32:27 | INFO     | get_historical_data:108 - Загружено 1000 свечей | Общее количество: 1015000 | Диапазон: 2019-07-26 09:22 - 2019-07-27 02:01
2025-08-12 18:32:29 | INFO     | get_historical_data:108 - Загружено 1000 свечей | Общее количество: 1020000 | Диапазон: 2019-07-29 20:42 - 2019-07-30 13:21
2025-08-12 18:32:31 | INFO     | get_historical_data:108 - Загружено 1000 свечей | Общее количество: 1025000 | Диапазон: 2019-08-02 08:02 - 2019-08-03 00:41
2025-08-12 18:32:34 | INFO     | get_historical_data:108 - Загружено 1000 свечей | Общее количество: 1030000 | Диапазон: 2019-08-05 19:22 - 2019-08-06 12:01
2025-08-12 18:32:36 | INFO     | get_historical_data:108 - Загружено 1000 свечей | Общее количество: 1035000 | Диапазон: 2019-08-09 06:42 - 2019-08-09 23:21
2025-08-12 18:32:38 | INFO     | get_historical_data:108 - Загружено 1000 свечей | Общее количество: 1040000 | Диапазон: 2019-08-12 18:02 - 2019-08-13 10:41
2025-08-12 18:32:41 | INFO     | get_historical_data:108 - Загружено 1000 свечей | Общее количество: 1045000 | Диапазон: 2019-08-16 13:22 - 2019-08-17 06:01
2025-08-12 18:32:43 | INFO     | get_historical_data:108 - Загружено 1000 свечей | Общее количество: 1050000 | Диапазон: 2019-08-20 00:42 - 2019-08-20 17:21
2025-08-12 18:32:46 | INFO     | get_historical_data:108 - Загружено 1000 свечей | Общее количество: 1055000 | Диапазон: 2019-08-23 12:02 - 2019-08-24 04:41
2025-08-12 18:32:48 | INFO     | get_historical_data:108 - Загружено 1000 свечей | Общее количество: 1060000 | Диапазон: 2019-08-26 23:22 - 2019-08-27 16:01
2025-08-12 18:32:50 | INFO     | get_historical_data:108 - Загружено 1000 свечей | Общее количество: 1065000 | Диапазон: 2019-08-30 10:42 - 2019-08-31 03:21
2025-08-12 18:32:52 | INFO     | get_historical_data:108 - Загружено 1000 свечей | Общее количество: 1070000 | Диапазон: 2019-09-02 22:02 - 2019-09-03 14:41
2025-08-12 18:32:55 | INFO     | get_historical_data:108 - Загружено 1000 свечей | Общее количество: 1075000 | Диапазон: 2019-09-06 09:22 - 2019-09-07 02:01
2025-08-12 18:32:57 | INFO     | get_historical_data:108 - Загружено 1000 свечей | Общее количество: 1080000 | Диапазон: 2019-09-09 20:42 - 2019-09-10 13:21
2025-08-12 18:33:00 | INFO     | get_historical_data:108 - Загружено 1000 свечей | Общее количество: 1085000 | Диапазон: 2019-09-13 08:02 - 2019-09-14 00:41
2025-08-12 18:33:02 | INFO     | get_historical_data:108 - Загружено 1000 свечей | Общее количество: 1090000 | Диапазон: 2019-09-16 19:22 - 2019-09-17 12:01
2025-08-12 18:33:04 | INFO     | get_historical_data:108 - Загружено 1000 свечей | Общее количество: 1095000 | Диапазон: 2019-09-20 06:42 - 2019-09-20 23:21
2025-08-12 18:33:06 | INFO     | get_historical_data:108 - Загружено 1000 свечей | Общее количество: 1100000 | Диапазон: 2019-09-23 18:02 - 2019-09-24 10:41
2025-08-12 18:33:09 | INFO     | get_historical_data:108 - Загружено 1000 свечей | Общее количество: 1105000 | Диапазон: 2019-09-27 05:22 - 2019-09-27 22:01
2025-08-12 18:33:11 | INFO     | get_historical_data:108 - Загружено 1000 свечей | Общее количество: 1110000 | Диапазон: 2019-09-30 16:42 - 2019-10-01 09:21
2025-08-12 18:33:13 | INFO     | get_historical_data:108 - Загружено 1000 свечей | Общее количество: 1115000 | Диапазон: 2019-10-04 04:02 - 2019-10-04 20:41
2025-08-12 18:33:16 | INFO     | get_historical_data:108 - Загружено 1000 свечей | Общее количество: 1120000 | Диапазон: 2019-10-07 15:22 - 2019-10-08 08:01
2025-08-12 18:33:18 | INFO     | get_historical_data:108 - Загружено 1000 свечей | Общее количество: 1125000 | Диапазон: 2019-10-11 02:42 - 2019-10-11 19:21
2025-08-12 18:33:20 | INFO     | get_historical_data:108 - Загружено 1000 свечей | Общее количество: 1130000 | Диапазон: 2019-10-14 14:02 - 2019-10-15 06:41
2025-08-12 18:33:23 | INFO     | get_historical_data:108 - Загружено 1000 свечей | Общее количество: 1135000 | Диапазон: 2019-10-18 01:22 - 2019-10-18 18:01
2025-08-12 18:33:25 | INFO     | get_historical_data:108 - Загружено 1000 свечей | Общее количество: 1140000 | Диапазон: 2019-10-21 12:42 - 2019-10-22 05:21
2025-08-12 18:33:27 | INFO     | get_historical_data:108 - Загружено 1000 свечей | Общее количество: 1145000 | Диапазон: 2019-10-25 00:02 - 2019-10-25 16:41
2025-08-12 18:33:30 | INFO     | get_historical_data:108 - Загружено 1000 свечей | Общее количество: 1150000 | Диапазон: 2019-10-28 11:22 - 2019-10-29 04:01
2025-08-12 18:33:32 | INFO     | get_historical_data:108 - Загружено 1000 свечей | Общее количество: 1155000 | Диапазон: 2019-10-31 22:42 - 2019-11-01 15:21
2025-08-12 18:33:34 | INFO     | get_historical_data:108 - Загружено 1000 свечей | Общее количество: 1160000 | Диапазон: 2019-11-04 10:02 - 2019-11-05 02:41
2025-08-12 18:33:36 | INFO     | get_historical_data:108 - Загружено 1000 свечей | Общее количество: 1165000 | Диапазон: 2019-11-07 21:22 - 2019-11-08 14:01
2025-08-12 18:33:39 | INFO     | get_historical_data:108 - Загружено 1000 свечей | Общее количество: 1170000 | Диапазон: 2019-11-11 08:42 - 2019-11-12 01:21
2025-08-12 18:33:41 | INFO     | get_historical_data:108 - Загружено 1000 свечей | Общее количество: 1175000 | Диапазон: 2019-11-14 22:25 - 2019-11-15 15:04
2025-08-12 18:33:43 | INFO     | get_historical_data:108 - Загружено 1000 свечей | Общее количество: 1180000 | Диапазон: 2019-11-18 09:45 - 2019-11-19 02:24
2025-08-12 18:33:45 | INFO     | get_historical_data:108 - Загружено 1000 свечей | Общее количество: 1185000 | Диапазон: 2019-11-21 21:05 - 2019-11-22 13:44
2025-08-12 18:33:47 | INFO     | get_historical_data:108 - Загружено 1000 свечей | Общее количество: 1190000 | Диапазон: 2019-11-25 10:25 - 2019-11-26 03:04
2025-08-12 18:33:50 | INFO     | get_historical_data:108 - Загружено 1000 свечей | Общее количество: 1195000 | Диапазон: 2019-11-28 21:45 - 2019-11-29 14:24
2025-08-12 18:33:52 | INFO     | get_historical_data:108 - Загружено 1000 свечей | Общее количество: 1200000 | Диапазон: 2019-12-02 09:05 - 2019-12-03 01:44
2025-08-12 18:33:54 | INFO     | get_historical_data:108 - Загружено 1000 свечей | Общее количество: 1205000 | Диапазон: 2019-12-05 20:25 - 2019-12-06 13:04
2025-08-12 18:33:56 | INFO     | get_historical_data:108 - Загружено 1000 свечей | Общее количество: 1210000 | Диапазон: 2019-12-09 07:45 - 2019-12-10 00:24
2025-08-12 18:33:58 | INFO     | get_historical_data:108 - Загружено 1000 свечей | Общее количество: 1215000 | Диапазон: 2019-12-12 19:05 - 2019-12-13 11:44
2025-08-12 18:34:01 | INFO     | get_historical_data:108 - Загружено 1000 свечей | Общее количество: 1220000 | Диапазон: 2019-12-16 06:25 - 2019-12-16 23:04
2025-08-12 18:34:04 | INFO     | get_historical_data:108 - Загружено 1000 свечей | Общее количество: 1225000 | Диапазон: 2019-12-19 17:45 - 2019-12-20 10:24
2025-08-12 18:34:06 | INFO     | get_historical_data:108 - Загружено 1000 свечей | Общее количество: 1230000 | Диапазон: 2019-12-23 05:05 - 2019-12-23 21:44
2025-08-12 18:34:08 | INFO     | get_historical_data:108 - Загружено 1000 свечей | Общее количество: 1235000 | Диапазон: 2019-12-26 16:25 - 2019-12-27 09:04
2025-08-12 18:34:10 | INFO     | get_historical_data:108 - Загружено 1000 свечей | Общее количество: 1240000 | Диапазон: 2019-12-30 03:45 - 2019-12-30 20:24
2025-08-12 18:34:13 | INFO     | get_historical_data:108 - Загружено 1000 свечей | Общее количество: 1245000 | Диапазон: 2020-01-02 15:05 - 2020-01-03 07:44
2025-08-12 18:34:15 | INFO     | get_historical_data:108 - Загружено 1000 свечей | Общее количество: 1250000 | Диапазон: 2020-01-06 02:25 - 2020-01-06 19:04
2025-08-12 18:34:17 | INFO     | get_historical_data:108 - Загружено 1000 свечей | Общее количество: 1255000 | Диапазон: 2020-01-09 13:45 - 2020-01-10 06:24
2025-08-12 18:34:20 | INFO     | get_historical_data:108 - Загружено 1000 свечей | Общее количество: 1260000 | Диапазон: 2020-01-13 01:05 - 2020-01-13 17:44
2025-08-12 18:34:22 | INFO     | get_historical_data:108 - Загружено 1000 свечей | Общее количество: 1265000 | Диапазон: 2020-01-16 12:25 - 2020-01-17 05:04
2025-08-12 18:34:24 | INFO     | get_historical_data:108 - Загружено 1000 свечей | Общее количество: 1270000 | Диапазон: 2020-01-19 23:45 - 2020-01-20 16:24
2025-08-12 18:34:26 | INFO     | get_historical_data:108 - Загружено 1000 свечей | Общее количество: 1275000 | Диапазон: 2020-01-23 11:05 - 2020-01-24 03:44
2025-08-12 18:34:29 | INFO     | get_historical_data:108 - Загружено 1000 свечей | Общее количество: 1280000 | Диапазон: 2020-01-26 22:25 - 2020-01-27 15:04
2025-08-12 18:34:31 | INFO     | get_historical_data:108 - Загружено 1000 свечей | Общее количество: 1285000 | Диапазон: 2020-01-30 09:45 - 2020-01-31 02:24
2025-08-12 18:34:33 | INFO     | get_historical_data:108 - Загружено 1000 свечей | Общее количество: 1290000 | Диапазон: 2020-02-02 21:05 - 2020-02-03 13:44
2025-08-12 18:34:36 | INFO     | get_historical_data:108 - Загружено 1000 свечей | Общее количество: 1295000 | Диапазон: 2020-02-06 08:25 - 2020-02-07 01:04
2025-08-12 18:34:38 | INFO     | get_historical_data:108 - Загружено 1000 свечей | Общее количество: 1300000 | Диапазон: 2020-02-09 20:45 - 2020-02-10 13:24
2025-08-12 18:34:40 | INFO     | get_historical_data:108 - Загружено 1000 свечей | Общее количество: 1305000 | Диапазон: 2020-02-13 08:05 - 2020-02-14 00:44
2025-08-12 18:34:42 | INFO     | get_historical_data:108 - Загружено 1000 свечей | Общее количество: 1310000 | Диапазон: 2020-02-16 19:25 - 2020-02-17 12:04
2025-08-12 18:34:45 | INFO     | get_historical_data:108 - Загружено 1000 свечей | Общее количество: 1315000 | Диапазон: 2020-02-20 12:39 - 2020-02-21 05:18
2025-08-12 18:34:47 | INFO     | get_historical_data:108 - Загружено 1000 свечей | Общее количество: 1320000 | Диапазон: 2020-02-23 23:59 - 2020-02-24 16:38
2025-08-12 18:34:49 | INFO     | get_historical_data:108 - Загружено 1000 свечей | Общее количество: 1325000 | Диапазон: 2020-02-27 11:19 - 2020-02-28 03:58
2025-08-12 18:34:51 | INFO     | get_historical_data:108 - Загружено 1000 свечей | Общее количество: 1330000 | Диапазон: 2020-03-01 22:39 - 2020-03-02 15:18
2025-08-12 18:34:54 | INFO     | get_historical_data:108 - Загружено 1000 свечей | Общее количество: 1335000 | Диапазон: 2020-03-05 12:07 - 2020-03-06 04:46
2025-08-12 18:34:56 | INFO     | get_historical_data:108 - Загружено 1000 свечей | Общее количество: 1340000 | Диапазон: 2020-03-08 23:27 - 2020-03-09 16:06
2025-08-12 18:34:59 | INFO     | get_historical_data:108 - Загружено 1000 свечей | Общее количество: 1345000 | Диапазон: 2020-03-12 10:47 - 2020-03-13 03:26
2025-08-12 18:35:01 | INFO     | get_historical_data:108 - Загружено 1000 свечей | Общее количество: 1350000 | Диапазон: 2020-03-15 22:07 - 2020-03-16 14:46
2025-08-12 18:35:03 | INFO     | get_historical_data:108 - Загружено 1000 свечей | Общее количество: 1355000 | Диапазон: 2020-03-19 09:27 - 2020-03-20 02:06
2025-08-12 18:35:05 | INFO     | get_historical_data:108 - Загружено 1000 свечей | Общее количество: 1360000 | Диапазон: 2020-03-22 20:47 - 2020-03-23 13:26
2025-08-12 18:35:08 | INFO     | get_historical_data:108 - Загружено 1000 свечей | Общее количество: 1365000 | Диапазон: 2020-03-26 08:07 - 2020-03-27 00:46
2025-08-12 18:35:10 | INFO     | get_historical_data:108 - Загружено 1000 свечей | Общее количество: 1370000 | Диапазон: 2020-03-29 19:27 - 2020-03-30 12:06
2025-08-12 18:35:12 | INFO     | get_historical_data:108 - Загружено 1000 свечей | Общее количество: 1375000 | Диапазон: 2020-04-02 06:47 - 2020-04-02 23:26
2025-08-12 18:35:14 | INFO     | get_historical_data:108 - Загружено 1000 свечей | Общее количество: 1380000 | Диапазон: 2020-04-05 18:07 - 2020-04-06 10:46
2025-08-12 18:35:17 | INFO     | get_historical_data:108 - Загружено 1000 свечей | Общее количество: 1385000 | Диапазон: 2020-04-09 05:27 - 2020-04-09 22:06
2025-08-12 18:35:19 | INFO     | get_historical_data:108 - Загружено 1000 свечей | Общее количество: 1390000 | Диапазон: 2020-04-12 16:47 - 2020-04-13 09:26
2025-08-12 18:35:22 | INFO     | get_historical_data:108 - Загружено 1000 свечей | Общее количество: 1395000 | Диапазон: 2020-04-16 04:07 - 2020-04-16 20:46
2025-08-12 18:35:25 | INFO     | get_historical_data:108 - Загружено 1000 свечей | Общее количество: 1400000 | Диапазон: 2020-04-19 15:27 - 2020-04-20 08:06
2025-08-12 18:35:27 | INFO     | get_historical_data:108 - Загружено 1000 свечей | Общее количество: 1405000 | Диапазон: 2020-04-23 02:47 - 2020-04-23 19:26
2025-08-12 18:35:29 | INFO     | get_historical_data:108 - Загружено 1000 свечей | Общее количество: 1410000 | Диапазон: 2020-04-26 16:37 - 2020-04-27 09:16
2025-08-12 18:35:31 | INFO     | get_historical_data:108 - Загружено 1000 свечей | Общее количество: 1415000 | Диапазон: 2020-04-30 03:57 - 2020-04-30 20:36
2025-08-12 18:35:34 | INFO     | get_historical_data:108 - Загружено 1000 свечей | Общее количество: 1420000 | Диапазон: 2020-05-03 15:17 - 2020-05-04 07:56
2025-08-12 18:35:36 | INFO     | get_historical_data:108 - Загружено 1000 свечей | Общее количество: 1425000 | Диапазон: 2020-05-07 02:37 - 2020-05-07 19:16
2025-08-12 18:35:38 | INFO     | get_historical_data:108 - Загружено 1000 свечей | Общее количество: 1430000 | Диапазон: 2020-05-10 13:57 - 2020-05-11 06:36
2025-08-12 18:35:40 | INFO     | get_historical_data:108 - Загружено 1000 свечей | Общее количество: 1435000 | Диапазон: 2020-05-14 01:17 - 2020-05-14 17:56
2025-08-12 18:35:43 | INFO     | get_historical_data:108 - Загружено 1000 свечей | Общее количество: 1440000 | Диапазон: 2020-05-17 12:37 - 2020-05-18 05:16
2025-08-12 18:35:45 | INFO     | get_historical_data:108 - Загружено 1000 свечей | Общее количество: 1445000 | Диапазон: 2020-05-20 23:57 - 2020-05-21 16:36
2025-08-12 18:35:47 | INFO     | get_historical_data:108 - Загружено 1000 свечей | Общее количество: 1450000 | Диапазон: 2020-05-24 11:17 - 2020-05-25 03:56
2025-08-12 18:35:49 | INFO     | get_historical_data:108 - Загружено 1000 свечей | Общее количество: 1455000 | Диапазон: 2020-05-27 22:37 - 2020-05-28 15:16
2025-08-12 18:35:51 | INFO     | get_historical_data:108 - Загружено 1000 свечей | Общее количество: 1460000 | Диапазон: 2020-05-31 09:57 - 2020-06-01 02:36
2025-08-12 18:35:54 | INFO     | get_historical_data:108 - Загружено 1000 свечей | Общее количество: 1465000 | Диапазон: 2020-06-03 21:17 - 2020-06-04 13:56
2025-08-12 18:35:56 | INFO     | get_historical_data:108 - Загружено 1000 свечей | Общее количество: 1470000 | Диапазон: 2020-06-07 08:37 - 2020-06-08 01:16
2025-08-12 18:35:58 | INFO     | get_historical_data:108 - Загружено 1000 свечей | Общее количество: 1475000 | Диапазон: 2020-06-10 19:57 - 2020-06-11 12:36
2025-08-12 18:36:00 | INFO     | get_historical_data:108 - Загружено 1000 свечей | Общее количество: 1480000 | Диапазон: 2020-06-14 07:17 - 2020-06-14 23:56
2025-08-12 18:36:03 | INFO     | get_historical_data:108 - Загружено 1000 свечей | Общее количество: 1485000 | Диапазон: 2020-06-17 18:37 - 2020-06-18 11:16
2025-08-12 18:36:05 | INFO     | get_historical_data:108 - Загружено 1000 свечей | Общее количество: 1490000 | Диапазон: 2020-06-21 05:57 - 2020-06-21 22:36
2025-08-12 18:36:07 | INFO     | get_historical_data:108 - Загружено 1000 свечей | Общее количество: 1495000 | Диапазон: 2020-06-24 17:17 - 2020-06-25 09:56
2025-08-12 18:36:09 | INFO     | get_historical_data:108 - Загружено 1000 свечей | Общее количество: 1500000 | Диапазон: 2020-06-28 04:37 - 2020-06-29 00:46
2025-08-12 18:36:11 | INFO     | get_historical_data:108 - Загружено 1000 свечей | Общее количество: 1505000 | Диапазон: 2020-07-01 19:27 - 2020-07-02 12:06
2025-08-12 18:36:14 | INFO     | get_historical_data:108 - Загружено 1000 свечей | Общее количество: 1510000 | Диапазон: 2020-07-05 06:47 - 2020-07-05 23:26
2025-08-12 18:36:16 | INFO     | get_historical_data:108 - Загружено 1000 свечей | Общее количество: 1515000 | Диапазон: 2020-07-08 18:07 - 2020-07-09 10:46
2025-08-12 18:36:19 | INFO     | get_historical_data:108 - Загружено 1000 свечей | Общее количество: 1520000 | Диапазон: 2020-07-12 05:27 - 2020-07-12 22:06
2025-08-12 18:36:21 | INFO     | get_historical_data:108 - Загружено 1000 свечей | Общее количество: 1525000 | Диапазон: 2020-07-15 16:47 - 2020-07-16 09:26
2025-08-12 18:36:23 | INFO     | get_historical_data:108 - Загружено 1000 свечей | Общее количество: 1530000 | Диапазон: 2020-07-19 04:07 - 2020-07-19 20:46
2025-08-12 18:36:25 | INFO     | get_historical_data:108 - Загружено 1000 свечей | Общее количество: 1535000 | Диапазон: 2020-07-22 15:27 - 2020-07-23 08:06
2025-08-12 18:36:28 | INFO     | get_historical_data:108 - Загружено 1000 свечей | Общее количество: 1540000 | Диапазон: 2020-07-26 02:47 - 2020-07-26 19:26
2025-08-12 18:36:30 | INFO     | get_historical_data:108 - Загружено 1000 свечей | Общее количество: 1545000 | Диапазон: 2020-07-29 14:07 - 2020-07-30 06:46
2025-08-12 18:36:32 | INFO     | get_historical_data:108 - Загружено 1000 свечей | Общее количество: 1550000 | Диапазон: 2020-08-02 01:27 - 2020-08-02 18:06
2025-08-12 18:36:34 | INFO     | get_historical_data:108 - Загружено 1000 свечей | Общее количество: 1555000 | Диапазон: 2020-08-05 12:47 - 2020-08-06 05:26
2025-08-12 18:36:37 | INFO     | get_historical_data:108 - Загружено 1000 свечей | Общее количество: 1560000 | Диапазон: 2020-08-09 00:07 - 2020-08-09 16:46
2025-08-12 18:36:39 | INFO     | get_historical_data:108 - Загружено 1000 свечей | Общее количество: 1565000 | Диапазон: 2020-08-12 11:27 - 2020-08-13 04:06
2025-08-12 18:36:42 | INFO     | get_historical_data:108 - Загружено 1000 свечей | Общее количество: 1570000 | Диапазон: 2020-08-15 22:47 - 2020-08-16 15:26
2025-08-12 18:36:44 | INFO     | get_historical_data:108 - Загружено 1000 свечей | Общее количество: 1575000 | Диапазон: 2020-08-19 10:07 - 2020-08-20 02:46
2025-08-12 18:36:46 | INFO     | get_historical_data:108 - Загружено 1000 свечей | Общее количество: 1580000 | Диапазон: 2020-08-22 21:27 - 2020-08-23 14:06
2025-08-12 18:36:49 | INFO     | get_historical_data:108 - Загружено 1000 свечей | Общее количество: 1585000 | Диапазон: 2020-08-26 08:47 - 2020-08-27 01:26
2025-08-12 18:36:51 | INFO     | get_historical_data:108 - Загружено 1000 свечей | Общее количество: 1590000 | Диапазон: 2020-08-29 20:07 - 2020-08-30 12:46
2025-08-12 18:36:53 | INFO     | get_historical_data:108 - Загружено 1000 свечей | Общее количество: 1595000 | Диапазон: 2020-09-02 07:27 - 2020-09-03 00:06
2025-08-12 18:36:56 | INFO     | get_historical_data:108 - Загружено 1000 свечей | Общее количество: 1600000 | Диапазон: 2020-09-05 18:47 - 2020-09-06 11:26
2025-08-12 18:36:59 | INFO     | get_historical_data:108 - Загружено 1000 свечей | Общее количество: 1605000 | Диапазон: 2020-09-09 06:07 - 2020-09-09 22:46
2025-08-12 18:37:02 | INFO     | get_historical_data:108 - Загружено 1000 свечей | Общее количество: 1610000 | Диапазон: 2020-09-12 17:27 - 2020-09-13 10:06
2025-08-12 18:37:04 | INFO     | get_historical_data:108 - Загружено 1000 свечей | Общее количество: 1615000 | Диапазон: 2020-09-16 04:47 - 2020-09-16 21:26
2025-08-12 18:37:07 | INFO     | get_historical_data:108 - Загружено 1000 свечей | Общее количество: 1620000 | Диапазон: 2020-09-19 16:07 - 2020-09-20 08:46
2025-08-12 18:37:09 | INFO     | get_historical_data:108 - Загружено 1000 свечей | Общее количество: 1625000 | Диапазон: 2020-09-23 03:27 - 2020-09-23 20:06
2025-08-12 18:37:12 | INFO     | get_historical_data:108 - Загружено 1000 свечей | Общее количество: 1630000 | Диапазон: 2020-09-26 14:47 - 2020-09-27 07:26
2025-08-12 18:37:14 | INFO     | get_historical_data:108 - Загружено 1000 свечей | Общее количество: 1635000 | Диапазон: 2020-09-30 02:07 - 2020-09-30 18:46
2025-08-12 18:37:16 | INFO     | get_historical_data:108 - Загружено 1000 свечей | Общее количество: 1640000 | Диапазон: 2020-10-03 13:27 - 2020-10-04 06:06
2025-08-12 18:37:18 | INFO     | get_historical_data:108 - Загружено 1000 свечей | Общее количество: 1645000 | Диапазон: 2020-10-07 00:47 - 2020-10-07 17:26
2025-08-12 18:37:20 | INFO     | get_historical_data:108 - Загружено 1000 свечей | Общее количество: 1650000 | Диапазон: 2020-10-10 12:07 - 2020-10-11 04:46
2025-08-12 18:37:23 | INFO     | get_historical_data:108 - Загружено 1000 свечей | Общее количество: 1655000 | Диапазон: 2020-10-13 23:27 - 2020-10-14 16:06
2025-08-12 18:37:25 | INFO     | get_historical_data:108 - Загружено 1000 свечей | Общее количество: 1660000 | Диапазон: 2020-10-17 10:47 - 2020-10-18 03:26
2025-08-12 18:37:27 | INFO     | get_historical_data:108 - Загружено 1000 свечей | Общее количество: 1665000 | Диапазон: 2020-10-20 22:07 - 2020-10-21 14:46
2025-08-12 18:37:29 | INFO     | get_historical_data:108 - Загружено 1000 свечей | Общее количество: 1670000 | Диапазон: 2020-10-24 09:27 - 2020-10-25 02:06
2025-08-12 18:37:32 | INFO     | get_historical_data:108 - Загружено 1000 свечей | Общее количество: 1675000 | Диапазон: 2020-10-27 20:47 - 2020-10-28 13:26
2025-08-12 18:37:34 | INFO     | get_historical_data:108 - Загружено 1000 свечей | Общее количество: 1680000 | Диапазон: 2020-10-31 08:07 - 2020-11-01 00:46
2025-08-12 18:37:36 | INFO     | get_historical_data:108 - Загружено 1000 свечей | Общее количество: 1685000 | Диапазон: 2020-11-03 19:27 - 2020-11-04 12:06
2025-08-12 18:37:38 | INFO     | get_historical_data:108 - Загружено 1000 свечей | Общее количество: 1690000 | Диапазон: 2020-11-07 06:47 - 2020-11-07 23:26
2025-08-12 18:37:40 | INFO     | get_historical_data:108 - Загружено 1000 свечей | Общее количество: 1695000 | Диапазон: 2020-11-10 18:07 - 2020-11-11 10:46
2025-08-12 18:37:43 | INFO     | get_historical_data:108 - Загружено 1000 свечей | Общее количество: 1700000 | Диапазон: 2020-11-14 05:27 - 2020-11-14 22:06
2025-08-12 18:37:45 | INFO     | get_historical_data:108 - Загружено 1000 свечей | Общее количество: 1705000 | Диапазон: 2020-11-17 16:47 - 2020-11-18 09:26
2025-08-12 18:37:47 | INFO     | get_historical_data:108 - Загружено 1000 свечей | Общее количество: 1710000 | Диапазон: 2020-11-21 04:07 - 2020-11-21 20:46
2025-08-12 18:37:49 | INFO     | get_historical_data:108 - Загружено 1000 свечей | Общее количество: 1715000 | Диапазон: 2020-11-24 15:27 - 2020-11-25 08:06
2025-08-12 18:37:52 | INFO     | get_historical_data:108 - Загружено 1000 свечей | Общее количество: 1720000 | Диапазон: 2020-11-28 02:47 - 2020-11-28 19:26
2025-08-12 18:37:54 | INFO     | get_historical_data:108 - Загружено 1000 свечей | Общее количество: 1725000 | Диапазон: 2020-12-01 15:07 - 2020-12-02 07:46
2025-08-12 18:37:56 | INFO     | get_historical_data:108 - Загружено 1000 свечей | Общее количество: 1730000 | Диапазон: 2020-12-05 02:27 - 2020-12-05 19:06
2025-08-12 18:37:58 | INFO     | get_historical_data:108 - Загружено 1000 свечей | Общее количество: 1735000 | Диапазон: 2020-12-08 13:47 - 2020-12-09 06:26
2025-08-12 18:38:01 | INFO     | get_historical_data:108 - Загружено 1000 свечей | Общее количество: 1740000 | Диапазон: 2020-12-12 01:07 - 2020-12-12 17:46
2025-08-12 18:38:03 | INFO     | get_historical_data:108 - Загружено 1000 свечей | Общее количество: 1745000 | Диапазон: 2020-12-15 12:27 - 2020-12-16 05:06
2025-08-12 18:38:05 | INFO     | get_historical_data:108 - Загружено 1000 свечей | Общее количество: 1750000 | Диапазон: 2020-12-18 23:47 - 2020-12-19 16:26
2025-08-12 18:38:07 | INFO     | get_historical_data:108 - Загружено 1000 свечей | Общее количество: 1755000 | Диапазон: 2020-12-22 15:19 - 2020-12-23 07:58
2025-08-12 18:38:10 | INFO     | get_historical_data:108 - Загружено 1000 свечей | Общее количество: 1760000 | Диапазон: 2020-12-26 03:39 - 2020-12-26 20:18
2025-08-12 18:38:12 | INFO     | get_historical_data:108 - Загружено 1000 свечей | Общее количество: 1765000 | Диапазон: 2020-12-29 14:59 - 2020-12-30 07:38
2025-08-12 18:38:15 | INFO     | get_historical_data:108 - Загружено 1000 свечей | Общее количество: 1770000 | Диапазон: 2021-01-02 02:19 - 2021-01-02 18:58
2025-08-12 18:38:17 | INFO     | get_historical_data:108 - Загружено 1000 свечей | Общее количество: 1775000 | Диапазон: 2021-01-05 13:39 - 2021-01-06 06:18
2025-08-12 18:38:19 | INFO     | get_historical_data:108 - Загружено 1000 свечей | Общее количество: 1780000 | Диапазон: 2021-01-09 00:59 - 2021-01-09 17:38
2025-08-12 18:38:21 | INFO     | get_historical_data:108 - Загружено 1000 свечей | Общее количество: 1785000 | Диапазон: 2021-01-12 12:19 - 2021-01-13 04:58
2025-08-12 18:38:24 | INFO     | get_historical_data:108 - Загружено 1000 свечей | Общее количество: 1790000 | Диапазон: 2021-01-15 23:39 - 2021-01-16 16:18
2025-08-12 18:38:26 | INFO     | get_historical_data:108 - Загружено 1000 свечей | Общее количество: 1795000 | Диапазон: 2021-01-19 10:59 - 2021-01-20 03:38
2025-08-12 18:38:28 | INFO     | get_historical_data:108 - Загружено 1000 свечей | Общее количество: 1800000 | Диапазон: 2021-01-22 22:19 - 2021-01-23 14:58
2025-08-12 18:38:30 | INFO     | get_historical_data:108 - Загружено 1000 свечей | Общее количество: 1805000 | Диапазон: 2021-01-26 09:39 - 2021-01-27 02:18
2025-08-12 18:38:32 | INFO     | get_historical_data:108 - Загружено 1000 свечей | Общее количество: 1810000 | Диапазон: 2021-01-29 20:59 - 2021-01-30 13:38
2025-08-12 18:38:35 | INFO     | get_historical_data:108 - Загружено 1000 свечей | Общее количество: 1815000 | Диапазон: 2021-02-02 08:19 - 2021-02-03 00:58
2025-08-12 18:38:37 | INFO     | get_historical_data:108 - Загружено 1000 свечей | Общее количество: 1820000 | Диапазон: 2021-02-05 19:39 - 2021-02-06 12:18
2025-08-12 18:38:39 | INFO     | get_historical_data:108 - Загружено 1000 свечей | Общее количество: 1825000 | Диапазон: 2021-02-09 06:59 - 2021-02-09 23:38
2025-08-12 18:38:42 | INFO     | get_historical_data:108 - Загружено 1000 свечей | Общее количество: 1830000 | Диапазон: 2021-02-12 19:38 - 2021-02-13 12:17
2025-08-12 18:38:44 | INFO     | get_historical_data:108 - Загружено 1000 свечей | Общее количество: 1835000 | Диапазон: 2021-02-16 06:58 - 2021-02-16 23:37
2025-08-12 18:38:46 | INFO     | get_historical_data:108 - Загружено 1000 свечей | Общее количество: 1840000 | Диапазон: 2021-02-19 18:18 - 2021-02-20 10:57
2025-08-12 18:38:48 | INFO     | get_historical_data:108 - Загружено 1000 свечей | Общее количество: 1845000 | Диапазон: 2021-02-23 05:38 - 2021-02-23 22:17
2025-08-12 18:38:51 | INFO     | get_historical_data:108 - Загружено 1000 свечей | Общее количество: 1850000 | Диапазон: 2021-02-26 16:58 - 2021-02-27 09:37
2025-08-12 18:38:53 | INFO     | get_historical_data:108 - Загружено 1000 свечей | Общее количество: 1855000 | Диапазон: 2021-03-02 04:18 - 2021-03-02 20:57
2025-08-12 18:38:55 | INFO     | get_historical_data:108 - Загружено 1000 свечей | Общее количество: 1860000 | Диапазон: 2021-03-05 15:38 - 2021-03-06 09:47
2025-08-12 18:38:57 | INFO     | get_historical_data:108 - Загружено 1000 свечей | Общее количество: 1865000 | Диапазон: 2021-03-09 04:28 - 2021-03-09 21:07
2025-08-12 18:39:00 | INFO     | get_historical_data:108 - Загружено 1000 свечей | Общее количество: 1870000 | Диапазон: 2021-03-12 15:48 - 2021-03-13 08:27
2025-08-12 18:39:02 | INFO     | get_historical_data:108 - Загружено 1000 свечей | Общее количество: 1875000 | Диапазон: 2021-03-16 03:08 - 2021-03-16 19:47
2025-08-12 18:39:04 | INFO     | get_historical_data:108 - Загружено 1000 свечей | Общее количество: 1880000 | Диапазон: 2021-03-19 14:28 - 2021-03-20 07:07
2025-08-12 18:39:06 | INFO     | get_historical_data:108 - Загружено 1000 свечей | Общее количество: 1885000 | Диапазон: 2021-03-23 01:48 - 2021-03-23 18:27
2025-08-12 18:39:09 | INFO     | get_historical_data:108 - Загружено 1000 свечей | Общее количество: 1890000 | Диапазон: 2021-03-26 13:08 - 2021-03-27 05:47
2025-08-12 18:39:11 | INFO     | get_historical_data:108 - Загружено 1000 свечей | Общее количество: 1895000 | Диапазон: 2021-03-30 00:28 - 2021-03-30 17:07
2025-08-12 18:39:13 | INFO     | get_historical_data:108 - Загружено 1000 свечей | Общее количество: 1900000 | Диапазон: 2021-04-02 11:48 - 2021-04-03 04:27
2025-08-12 18:39:15 | INFO     | get_historical_data:108 - Загружено 1000 свечей | Общее количество: 1905000 | Диапазон: 2021-04-05 23:08 - 2021-04-06 15:47
2025-08-12 18:39:18 | INFO     | get_historical_data:108 - Загружено 1000 свечей | Общее количество: 1910000 | Диапазон: 2021-04-09 10:28 - 2021-04-10 03:07
2025-08-12 18:39:20 | INFO     | get_historical_data:108 - Загружено 1000 свечей | Общее количество: 1915000 | Диапазон: 2021-04-12 21:48 - 2021-04-13 14:27
2025-08-12 18:39:22 | INFO     | get_historical_data:108 - Загружено 1000 свечей | Общее количество: 1920000 | Диапазон: 2021-04-16 09:08 - 2021-04-17 01:47
2025-08-12 18:39:24 | INFO     | get_historical_data:108 - Загружено 1000 свечей | Общее количество: 1925000 | Диапазон: 2021-04-19 20:28 - 2021-04-20 15:37
2025-08-12 18:39:26 | INFO     | get_historical_data:108 - Загружено 1000 свечей | Общее количество: 1930000 | Диапазон: 2021-04-23 10:18 - 2021-04-24 02:57
2025-08-12 18:39:29 | INFO     | get_historical_data:108 - Загружено 1000 свечей | Общее количество: 1935000 | Диапазон: 2021-04-27 02:22 - 2021-04-27 19:01
2025-08-12 18:39:31 | INFO     | get_historical_data:108 - Загружено 1000 свечей | Общее количество: 1940000 | Диапазон: 2021-04-30 13:42 - 2021-05-01 06:21
2025-08-12 18:39:33 | INFO     | get_historical_data:108 - Загружено 1000 свечей | Общее количество: 1945000 | Диапазон: 2021-05-04 01:02 - 2021-05-04 17:41
2025-08-12 18:39:35 | INFO     | get_historical_data:108 - Загружено 1000 свечей | Общее количество: 1950000 | Диапазон: 2021-05-07 12:22 - 2021-05-08 05:01
2025-08-12 18:39:38 | INFO     | get_historical_data:108 - Загружено 1000 свечей | Общее количество: 1955000 | Диапазон: 2021-05-10 23:42 - 2021-05-11 16:21
2025-08-12 18:39:40 | INFO     | get_historical_data:108 - Загружено 1000 свечей | Общее количество: 1960000 | Диапазон: 2021-05-14 11:02 - 2021-05-15 03:41
2025-08-12 18:39:42 | INFO     | get_historical_data:108 - Загружено 1000 свечей | Общее количество: 1965000 | Диапазон: 2021-05-17 22:22 - 2021-05-18 15:01
2025-08-12 18:39:45 | INFO     | get_historical_data:108 - Загружено 1000 свечей | Общее количество: 1970000 | Диапазон: 2021-05-21 09:42 - 2021-05-22 02:21
2025-08-12 18:39:47 | INFO     | get_historical_data:108 - Загружено 1000 свечей | Общее количество: 1975000 | Диапазон: 2021-05-24 21:02 - 2021-05-25 13:41
2025-08-12 18:39:49 | INFO     | get_historical_data:108 - Загружено 1000 свечей | Общее количество: 1980000 | Диапазон: 2021-05-28 08:22 - 2021-05-29 01:01
2025-08-12 18:39:51 | INFO     | get_historical_data:108 - Загружено 1000 свечей | Общее количество: 1985000 | Диапазон: 2021-05-31 19:42 - 2021-06-01 12:21
2025-08-12 18:39:54 | INFO     | get_historical_data:108 - Загружено 1000 свечей | Общее количество: 1990000 | Диапазон: 2021-06-04 07:02 - 2021-06-04 23:41
2025-08-12 18:39:56 | INFO     | get_historical_data:108 - Загружено 1000 свечей | Общее количество: 1995000 | Диапазон: 2021-06-07 18:22 - 2021-06-08 11:01
2025-08-12 18:39:59 | INFO     | get_historical_data:108 - Загружено 1000 свечей | Общее количество: 2000000 | Диапазон: 2021-06-11 05:42 - 2021-06-11 22:21
2025-08-12 18:40:01 | INFO     | get_historical_data:108 - Загружено 1000 свечей | Общее количество: 2005000 | Диапазон: 2021-06-14 17:02 - 2021-06-15 09:41
2025-08-12 18:40:03 | INFO     | get_historical_data:108 - Загружено 1000 свечей | Общее количество: 2010000 | Диапазон: 2021-06-18 04:22 - 2021-06-18 21:01
2025-08-12 18:40:06 | INFO     | get_historical_data:108 - Загружено 1000 свечей | Общее количество: 2015000 | Диапазон: 2021-06-21 15:42 - 2021-06-22 08:21
2025-08-12 18:40:08 | INFO     | get_historical_data:108 - Загружено 1000 свечей | Общее количество: 2020000 | Диапазон: 2021-06-25 03:02 - 2021-06-25 19:41
2025-08-12 18:40:10 | INFO     | get_historical_data:108 - Загружено 1000 свечей | Общее количество: 2025000 | Диапазон: 2021-06-28 14:22 - 2021-06-29 07:01
2025-08-12 18:40:12 | INFO     | get_historical_data:108 - Загружено 1000 свечей | Общее количество: 2030000 | Диапазон: 2021-07-02 01:42 - 2021-07-02 18:21
2025-08-12 18:40:15 | INFO     | get_historical_data:108 - Загружено 1000 свечей | Общее количество: 2035000 | Диапазон: 2021-07-05 13:02 - 2021-07-06 05:41
2025-08-12 18:40:18 | INFO     | get_historical_data:108 - Загружено 1000 свечей | Общее количество: 2040000 | Диапазон: 2021-07-09 00:22 - 2021-07-09 17:01
2025-08-12 18:40:20 | INFO     | get_historical_data:108 - Загружено 1000 свечей | Общее количество: 2045000 | Диапазон: 2021-07-12 11:42 - 2021-07-13 04:21
2025-08-12 18:40:22 | INFO     | get_historical_data:108 - Загружено 1000 свечей | Общее количество: 2050000 | Диапазон: 2021-07-15 23:02 - 2021-07-16 15:41
2025-08-12 18:40:25 | INFO     | get_historical_data:108 - Загружено 1000 свечей | Общее количество: 2055000 | Диапазон: 2021-07-19 10:22 - 2021-07-20 03:01
2025-08-12 18:40:27 | INFO     | get_historical_data:108 - Загружено 1000 свечей | Общее количество: 2060000 | Диапазон: 2021-07-22 21:42 - 2021-07-23 14:21
2025-08-12 18:40:29 | INFO     | get_historical_data:108 - Загружено 1000 свечей | Общее количество: 2065000 | Диапазон: 2021-07-26 09:02 - 2021-07-27 01:41
2025-08-12 18:40:31 | INFO     | get_historical_data:108 - Загружено 1000 свечей | Общее количество: 2070000 | Диапазон: 2021-07-29 20:22 - 2021-07-30 13:01
2025-08-12 18:40:33 | INFO     | get_historical_data:108 - Загружено 1000 свечей | Общее количество: 2075000 | Диапазон: 2021-08-02 07:42 - 2021-08-03 00:21
2025-08-12 18:40:36 | INFO     | get_historical_data:108 - Загружено 1000 свечей | Общее количество: 2080000 | Диапазон: 2021-08-05 19:02 - 2021-08-06 11:41
2025-08-12 18:40:38 | INFO     | get_historical_data:108 - Загружено 1000 свечей | Общее количество: 2085000 | Диапазон: 2021-08-09 06:22 - 2021-08-09 23:01
2025-08-12 18:40:40 | INFO     | get_historical_data:108 - Загружено 1000 свечей | Общее количество: 2090000 | Диапазон: 2021-08-12 17:42 - 2021-08-13 14:51
2025-08-12 18:40:43 | INFO     | get_historical_data:108 - Загружено 1000 свечей | Общее количество: 2095000 | Диапазон: 2021-08-16 09:32 - 2021-08-17 02:11
2025-08-12 18:40:45 | INFO     | get_historical_data:108 - Загружено 1000 свечей | Общее количество: 2100000 | Диапазон: 2021-08-19 20:52 - 2021-08-20 13:31
2025-08-12 18:40:47 | INFO     | get_historical_data:108 - Загружено 1000 свечей | Общее количество: 2105000 | Диапазон: 2021-08-23 08:12 - 2021-08-24 00:51
2025-08-12 18:40:49 | INFO     | get_historical_data:108 - Загружено 1000 свечей | Общее количество: 2110000 | Диапазон: 2021-08-26 19:32 - 2021-08-27 12:11
2025-08-12 18:40:52 | INFO     | get_historical_data:108 - Загружено 1000 свечей | Общее количество: 2115000 | Диапазон: 2021-08-30 06:52 - 2021-08-30 23:31
2025-08-12 18:40:54 | INFO     | get_historical_data:108 - Загружено 1000 свечей | Общее количество: 2120000 | Диапазон: 2021-09-02 18:12 - 2021-09-03 10:51
2025-08-12 18:40:56 | INFO     | get_historical_data:108 - Загружено 1000 свечей | Общее количество: 2125000 | Диапазон: 2021-09-06 05:32 - 2021-09-06 22:11
2025-08-12 18:40:58 | INFO     | get_historical_data:108 - Загружено 1000 свечей | Общее количество: 2130000 | Диапазон: 2021-09-09 16:52 - 2021-09-10 09:31
2025-08-12 18:41:01 | INFO     | get_historical_data:108 - Загружено 1000 свечей | Общее количество: 2135000 | Диапазон: 2021-09-13 04:12 - 2021-09-13 20:51
2025-08-12 18:41:03 | INFO     | get_historical_data:108 - Загружено 1000 свечей | Общее количество: 2140000 | Диапазон: 2021-09-16 15:32 - 2021-09-17 08:11
2025-08-12 18:41:05 | INFO     | get_historical_data:108 - Загружено 1000 свечей | Общее количество: 2145000 | Диапазон: 2021-09-20 02:52 - 2021-09-20 19:31
2025-08-12 18:41:07 | INFO     | get_historical_data:108 - Загружено 1000 свечей | Общее количество: 2150000 | Диапазон: 2021-09-23 14:12 - 2021-09-24 06:51
2025-08-12 18:41:09 | INFO     | get_historical_data:108 - Загружено 1000 свечей | Общее количество: 2155000 | Диапазон: 2021-09-27 01:32 - 2021-09-27 18:11
2025-08-12 18:41:12 | INFO     | get_historical_data:108 - Загружено 1000 свечей | Общее количество: 2160000 | Диапазон: 2021-09-30 14:52 - 2021-10-01 07:31
2025-08-12 18:41:14 | INFO     | get_historical_data:108 - Загружено 1000 свечей | Общее количество: 2165000 | Диапазон: 2021-10-04 02:12 - 2021-10-04 18:51
2025-08-12 18:41:16 | INFO     | get_historical_data:108 - Загружено 1000 свечей | Общее количество: 2170000 | Диапазон: 2021-10-07 13:32 - 2021-10-08 06:11
2025-08-12 18:41:18 | INFO     | get_historical_data:108 - Загружено 1000 свечей | Общее количество: 2175000 | Диапазон: 2021-10-11 00:52 - 2021-10-11 17:31
2025-08-12 18:41:21 | INFO     | get_historical_data:108 - Загружено 1000 свечей | Общее количество: 2180000 | Диапазон: 2021-10-14 12:12 - 2021-10-15 04:51
2025-08-12 18:41:23 | INFO     | get_historical_data:108 - Загружено 1000 свечей | Общее количество: 2185000 | Диапазон: 2021-10-17 23:32 - 2021-10-18 16:11
2025-08-12 18:41:25 | INFO     | get_historical_data:108 - Загружено 1000 свечей | Общее количество: 2190000 | Диапазон: 2021-10-21 10:52 - 2021-10-22 03:31
2025-08-12 18:41:27 | INFO     | get_historical_data:108 - Загружено 1000 свечей | Общее количество: 2195000 | Диапазон: 2021-10-24 22:12 - 2021-10-25 14:51
2025-08-12 18:41:30 | INFO     | get_historical_data:108 - Загружено 1000 свечей | Общее количество: 2200000 | Диапазон: 2021-10-28 09:32 - 2021-10-29 02:11
2025-08-12 18:41:32 | INFO     | get_historical_data:108 - Загружено 1000 свечей | Общее количество: 2205000 | Диапазон: 2021-10-31 20:52 - 2021-11-01 13:31
2025-08-12 18:41:34 | INFO     | get_historical_data:108 - Загружено 1000 свечей | Общее количество: 2210000 | Диапазон: 2021-11-04 08:12 - 2021-11-05 00:51
2025-08-12 18:41:36 | INFO     | get_historical_data:108 - Загружено 1000 свечей | Общее количество: 2215000 | Диапазон: 2021-11-07 19:32 - 2021-11-08 12:11
2025-08-12 18:41:39 | INFO     | get_historical_data:108 - Загружено 1000 свечей | Общее количество: 2220000 | Диапазон: 2021-11-11 06:52 - 2021-11-11 23:31
2025-08-12 18:41:41 | INFO     | get_historical_data:108 - Загружено 1000 свечей | Общее количество: 2225000 | Диапазон: 2021-11-14 18:12 - 2021-11-15 10:51
2025-08-12 18:41:44 | INFO     | get_historical_data:108 - Загружено 1000 свечей | Общее количество: 2230000 | Диапазон: 2021-11-18 05:32 - 2021-11-18 22:11
2025-08-12 18:41:46 | INFO     | get_historical_data:108 - Загружено 1000 свечей | Общее количество: 2235000 | Диапазон: 2021-11-21 16:52 - 2021-11-22 09:31
2025-08-12 18:41:49 | INFO     | get_historical_data:108 - Загружено 1000 свечей | Общее количество: 2240000 | Диапазон: 2021-11-25 04:12 - 2021-11-25 20:51
2025-08-12 18:41:51 | INFO     | get_historical_data:108 - Загружено 1000 свечей | Общее количество: 2245000 | Диапазон: 2021-11-28 15:32 - 2021-11-29 08:11
2025-08-12 18:41:54 | INFO     | get_historical_data:108 - Загружено 1000 свечей | Общее количество: 2250000 | Диапазон: 2021-12-02 02:52 - 2021-12-02 19:31
2025-08-12 18:41:56 | INFO     | get_historical_data:108 - Загружено 1000 свечей | Общее количество: 2255000 | Диапазон: 2021-12-05 14:12 - 2021-12-06 06:51
2025-08-12 18:41:58 | INFO     | get_historical_data:108 - Загружено 1000 свечей | Общее количество: 2260000 | Диапазон: 2021-12-09 01:32 - 2021-12-09 18:11
2025-08-12 18:42:00 | INFO     | get_historical_data:108 - Загружено 1000 свечей | Общее количество: 2265000 | Диапазон: 2021-12-12 12:52 - 2021-12-13 05:31
2025-08-12 18:42:03 | INFO     | get_historical_data:108 - Загружено 1000 свечей | Общее количество: 2270000 | Диапазон: 2021-12-16 00:12 - 2021-12-16 16:51
2025-08-12 18:42:05 | INFO     | get_historical_data:108 - Загружено 1000 свечей | Общее количество: 2275000 | Диапазон: 2021-12-19 11:32 - 2021-12-20 04:11
2025-08-12 18:42:07 | INFO     | get_historical_data:108 - Загружено 1000 свечей | Общее количество: 2280000 | Диапазон: 2021-12-22 22:52 - 2021-12-23 15:31
2025-08-12 18:42:10 | INFO     | get_historical_data:108 - Загружено 1000 свечей | Общее количество: 2285000 | Диапазон: 2021-12-26 10:12 - 2021-12-27 02:51
2025-08-12 18:42:12 | INFO     | get_historical_data:108 - Загружено 1000 свечей | Общее количество: 2290000 | Диапазон: 2021-12-29 21:32 - 2021-12-30 14:11
2025-08-12 18:42:14 | INFO     | get_historical_data:108 - Загружено 1000 свечей | Общее количество: 2295000 | Диапазон: 2022-01-02 08:52 - 2022-01-03 01:31
2025-08-12 18:42:16 | INFO     | get_historical_data:108 - Загружено 1000 свечей | Общее количество: 2300000 | Диапазон: 2022-01-05 20:12 - 2022-01-06 12:51
2025-08-12 18:42:19 | INFO     | get_historical_data:108 - Загружено 1000 свечей | Общее количество: 2305000 | Диапазон: 2022-01-09 07:32 - 2022-01-10 00:11
2025-08-12 18:42:21 | INFO     | get_historical_data:108 - Загружено 1000 свечей | Общее количество: 2310000 | Диапазон: 2022-01-12 18:52 - 2022-01-13 11:31
2025-08-12 18:42:23 | INFO     | get_historical_data:108 - Загружено 1000 свечей | Общее количество: 2315000 | Диапазон: 2022-01-16 06:12 - 2022-01-16 22:51
2025-08-12 18:42:25 | INFO     | get_historical_data:108 - Загружено 1000 свечей | Общее количество: 2320000 | Диапазон: 2022-01-19 17:32 - 2022-01-20 10:11
2025-08-12 18:42:28 | INFO     | get_historical_data:108 - Загружено 1000 свечей | Общее количество: 2325000 | Диапазон: 2022-01-23 04:52 - 2022-01-23 21:31
2025-08-12 18:42:30 | INFO     | get_historical_data:108 - Загружено 1000 свечей | Общее количество: 2330000 | Диапазон: 2022-01-26 16:12 - 2022-01-27 08:51
2025-08-12 18:42:32 | INFO     | get_historical_data:108 - Загружено 1000 свечей | Общее количество: 2335000 | Диапазон: 2022-01-30 03:32 - 2022-01-30 20:11
2025-08-12 18:42:34 | INFO     | get_historical_data:108 - Загружено 1000 свечей | Общее количество: 2340000 | Диапазон: 2022-02-02 14:52 - 2022-02-03 07:31
2025-08-12 18:42:36 | INFO     | get_historical_data:108 - Загружено 1000 свечей | Общее количество: 2345000 | Диапазон: 2022-02-06 02:12 - 2022-02-06 18:51
2025-08-12 18:42:38 | INFO     | get_historical_data:108 - Загружено 1000 свечей | Общее количество: 2350000 | Диапазон: 2022-02-09 13:32 - 2022-02-10 06:11
2025-08-12 18:42:41 | INFO     | get_historical_data:108 - Загружено 1000 свечей | Общее количество: 2355000 | Диапазон: 2022-02-13 00:52 - 2022-02-13 17:31
2025-08-12 18:42:43 | INFO     | get_historical_data:108 - Загружено 1000 свечей | Общее количество: 2360000 | Диапазон: 2022-02-16 12:12 - 2022-02-17 04:51
2025-08-12 18:42:45 | INFO     | get_historical_data:108 - Загружено 1000 свечей | Общее количество: 2365000 | Диапазон: 2022-02-19 23:32 - 2022-02-20 16:11
2025-08-12 18:42:48 | INFO     | get_historical_data:108 - Загружено 1000 свечей | Общее количество: 2370000 | Диапазон: 2022-02-23 10:52 - 2022-02-24 03:31
2025-08-12 18:42:50 | INFO     | get_historical_data:108 - Загружено 1000 свечей | Общее количество: 2375000 | Диапазон: 2022-02-26 22:12 - 2022-02-27 14:51
2025-08-12 18:42:52 | INFO     | get_historical_data:108 - Загружено 1000 свечей | Общее количество: 2380000 | Диапазон: 2022-03-02 09:32 - 2022-03-03 02:11
2025-08-12 18:42:54 | INFO     | get_historical_data:108 - Загружено 1000 свечей | Общее количество: 2385000 | Диапазон: 2022-03-05 20:52 - 2022-03-06 13:31
2025-08-12 18:42:56 | INFO     | get_historical_data:108 - Загружено 1000 свечей | Общее количество: 2390000 | Диапазон: 2022-03-09 08:12 - 2022-03-10 00:51
2025-08-12 18:42:59 | INFO     | get_historical_data:108 - Загружено 1000 свечей | Общее количество: 2395000 | Диапазон: 2022-03-12 19:32 - 2022-03-13 12:11
2025-08-12 18:43:01 | INFO     | get_historical_data:108 - Загружено 1000 свечей | Общее количество: 2400000 | Диапазон: 2022-03-16 06:52 - 2022-03-16 23:31
2025-08-12 18:43:03 | INFO     | get_historical_data:108 - Загружено 1000 свечей | Общее количество: 2405000 | Диапазон: 2022-03-19 18:12 - 2022-03-20 10:51
2025-08-12 18:43:05 | INFO     | get_historical_data:108 - Загружено 1000 свечей | Общее количество: 2410000 | Диапазон: 2022-03-23 05:32 - 2022-03-23 22:11
2025-08-12 18:43:07 | INFO     | get_historical_data:108 - Загружено 1000 свечей | Общее количество: 2415000 | Диапазон: 2022-03-26 16:52 - 2022-03-27 09:31
2025-08-12 18:43:09 | INFO     | get_historical_data:108 - Загружено 1000 свечей | Общее количество: 2420000 | Диапазон: 2022-03-30 04:12 - 2022-03-30 20:51
2025-08-12 18:43:12 | INFO     | get_historical_data:108 - Загружено 1000 свечей | Общее количество: 2425000 | Диапазон: 2022-04-02 15:32 - 2022-04-03 08:11
2025-08-12 18:43:14 | INFO     | get_historical_data:108 - Загружено 1000 свечей | Общее количество: 2430000 | Диапазон: 2022-04-06 02:52 - 2022-04-06 19:31
2025-08-12 18:43:16 | INFO     | get_historical_data:108 - Загружено 1000 свечей | Общее количество: 2435000 | Диапазон: 2022-04-09 14:12 - 2022-04-10 06:51
2025-08-12 18:43:18 | INFO     | get_historical_data:108 - Загружено 1000 свечей | Общее количество: 2440000 | Диапазон: 2022-04-13 01:32 - 2022-04-13 18:11
2025-08-12 18:43:20 | INFO     | get_historical_data:108 - Загружено 1000 свечей | Общее количество: 2445000 | Диапазон: 2022-04-16 12:52 - 2022-04-17 05:31
2025-08-12 18:43:23 | INFO     | get_historical_data:108 - Загружено 1000 свечей | Общее количество: 2450000 | Диапазон: 2022-04-20 00:12 - 2022-04-20 16:51
2025-08-12 18:43:25 | INFO     | get_historical_data:108 - Загружено 1000 свечей | Общее количество: 2455000 | Диапазон: 2022-04-23 11:32 - 2022-04-24 04:11
2025-08-12 18:43:27 | INFO     | get_historical_data:108 - Загружено 1000 свечей | Общее количество: 2460000 | Диапазон: 2022-04-26 22:52 - 2022-04-27 15:31
2025-08-12 18:43:29 | INFO     | get_historical_data:108 - Загружено 1000 свечей | Общее количество: 2465000 | Диапазон: 2022-04-30 10:12 - 2022-05-01 02:51
2025-08-12 18:43:31 | INFO     | get_historical_data:108 - Загружено 1000 свечей | Общее количество: 2470000 | Диапазон: 2022-05-03 21:32 - 2022-05-04 14:11
2025-08-12 18:43:34 | INFO     | get_historical_data:108 - Загружено 1000 свечей | Общее количество: 2475000 | Диапазон: 2022-05-07 08:52 - 2022-05-08 01:31
2025-08-12 18:43:36 | INFO     | get_historical_data:108 - Загружено 1000 свечей | Общее количество: 2480000 | Диапазон: 2022-05-10 20:12 - 2022-05-11 12:51
2025-08-12 18:43:38 | INFO     | get_historical_data:108 - Загружено 1000 свечей | Общее количество: 2485000 | Диапазон: 2022-05-14 07:32 - 2022-05-15 00:11
2025-08-12 18:43:40 | INFO     | get_historical_data:108 - Загружено 1000 свечей | Общее количество: 2490000 | Диапазон: 2022-05-17 18:52 - 2022-05-18 11:31
2025-08-12 18:43:42 | INFO     | get_historical_data:108 - Загружено 1000 свечей | Общее количество: 2495000 | Диапазон: 2022-05-21 06:12 - 2022-05-21 22:51
2025-08-12 18:43:45 | INFO     | get_historical_data:108 - Загружено 1000 свечей | Общее количество: 2500000 | Диапазон: 2022-05-24 17:32 - 2022-05-25 10:11
2025-08-12 18:43:47 | INFO     | get_historical_data:108 - Загружено 1000 свечей | Общее количество: 2505000 | Диапазон: 2022-05-28 04:52 - 2022-05-28 21:31
2025-08-12 18:43:49 | INFO     | get_historical_data:108 - Загружено 1000 свечей | Общее количество: 2510000 | Диапазон: 2022-05-31 16:12 - 2022-06-01 08:51
2025-08-12 18:43:51 | INFO     | get_historical_data:108 - Загружено 1000 свечей | Общее количество: 2515000 | Диапазон: 2022-06-04 03:32 - 2022-06-04 20:11
2025-08-12 18:43:53 | INFO     | get_historical_data:108 - Загружено 1000 свечей | Общее количество: 2520000 | Диапазон: 2022-06-07 14:52 - 2022-06-08 07:31
2025-08-12 18:43:56 | INFO     | get_historical_data:108 - Загружено 1000 свечей | Общее количество: 2525000 | Диапазон: 2022-06-11 02:12 - 2022-06-11 18:51
2025-08-12 18:43:58 | INFO     | get_historical_data:108 - Загружено 1000 свечей | Общее количество: 2530000 | Диапазон: 2022-06-14 13:32 - 2022-06-15 06:11
2025-08-12 18:44:00 | INFO     | get_historical_data:108 - Загружено 1000 свечей | Общее количество: 2535000 | Диапазон: 2022-06-18 00:52 - 2022-06-18 17:31
2025-08-12 18:44:02 | INFO     | get_historical_data:108 - Загружено 1000 свечей | Общее количество: 2540000 | Диапазон: 2022-06-21 12:12 - 2022-06-22 04:51
2025-08-12 18:44:04 | INFO     | get_historical_data:108 - Загружено 1000 свечей | Общее количество: 2545000 | Диапазон: 2022-06-24 23:32 - 2022-06-25 16:11
2025-08-12 18:44:07 | INFO     | get_historical_data:108 - Загружено 1000 свечей | Общее количество: 2550000 | Диапазон: 2022-06-28 10:52 - 2022-06-29 03:31
2025-08-12 18:44:09 | INFO     | get_historical_data:108 - Загружено 1000 свечей | Общее количество: 2555000 | Диапазон: 2022-07-01 22:12 - 2022-07-02 14:51
2025-08-12 18:44:11 | INFO     | get_historical_data:108 - Загружено 1000 свечей | Общее количество: 2560000 | Диапазон: 2022-07-05 09:32 - 2022-07-06 02:11
2025-08-12 18:44:13 | INFO     | get_historical_data:108 - Загружено 1000 свечей | Общее количество: 2565000 | Диапазон: 2022-07-08 20:52 - 2022-07-09 13:31
2025-08-12 18:44:15 | INFO     | get_historical_data:108 - Загружено 1000 свечей | Общее количество: 2570000 | Диапазон: 2022-07-12 08:12 - 2022-07-13 00:51
2025-08-12 18:44:18 | INFO     | get_historical_data:108 - Загружено 1000 свечей | Общее количество: 2575000 | Диапазон: 2022-07-15 19:32 - 2022-07-16 12:11
2025-08-12 18:44:20 | INFO     | get_historical_data:108 - Загружено 1000 свечей | Общее количество: 2580000 | Диапазон: 2022-07-19 06:52 - 2022-07-19 23:31
2025-08-12 18:44:22 | INFO     | get_historical_data:108 - Загружено 1000 свечей | Общее количество: 2585000 | Диапазон: 2022-07-22 18:12 - 2022-07-23 10:51
2025-08-12 18:44:25 | INFO     | get_historical_data:108 - Загружено 1000 свечей | Общее количество: 2590000 | Диапазон: 2022-07-26 05:32 - 2022-07-26 22:11
2025-08-12 18:44:27 | INFO     | get_historical_data:108 - Загружено 1000 свечей | Общее количество: 2595000 | Диапазон: 2022-07-29 16:52 - 2022-07-30 09:31
2025-08-12 18:44:29 | INFO     | get_historical_data:108 - Загружено 1000 свечей | Общее количество: 2600000 | Диапазон: 2022-08-02 04:12 - 2022-08-02 20:51
2025-08-12 18:44:31 | INFO     | get_historical_data:108 - Загружено 1000 свечей | Общее количество: 2605000 | Диапазон: 2022-08-05 15:32 - 2022-08-06 08:11
2025-08-12 18:44:33 | INFO     | get_historical_data:108 - Загружено 1000 свечей | Общее количество: 2610000 | Диапазон: 2022-08-09 02:52 - 2022-08-09 19:31
2025-08-12 18:44:36 | INFO     | get_historical_data:108 - Загружено 1000 свечей | Общее количество: 2615000 | Диапазон: 2022-08-12 14:12 - 2022-08-13 06:51
2025-08-12 18:44:38 | INFO     | get_historical_data:108 - Загружено 1000 свечей | Общее количество: 2620000 | Диапазон: 2022-08-16 01:32 - 2022-08-16 18:11
2025-08-12 18:44:40 | INFO     | get_historical_data:108 - Загружено 1000 свечей | Общее количество: 2625000 | Диапазон: 2022-08-19 12:52 - 2022-08-20 05:31
2025-08-12 18:44:42 | INFO     | get_historical_data:108 - Загружено 1000 свечей | Общее количество: 2630000 | Диапазон: 2022-08-23 00:12 - 2022-08-23 16:51
2025-08-12 18:44:44 | INFO     | get_historical_data:108 - Загружено 1000 свечей | Общее количество: 2635000 | Диапазон: 2022-08-26 11:32 - 2022-08-27 04:11
2025-08-12 18:44:47 | INFO     | get_historical_data:108 - Загружено 1000 свечей | Общее количество: 2640000 | Диапазон: 2022-08-29 22:52 - 2022-08-30 15:31
2025-08-12 18:44:49 | INFO     | get_historical_data:108 - Загружено 1000 свечей | Общее количество: 2645000 | Диапазон: 2022-09-02 10:12 - 2022-09-03 02:51
2025-08-12 18:44:51 | INFO     | get_historical_data:108 - Загружено 1000 свечей | Общее количество: 2650000 | Диапазон: 2022-09-05 21:32 - 2022-09-06 14:11
2025-08-12 18:44:53 | INFO     | get_historical_data:108 - Загружено 1000 свечей | Общее количество: 2655000 | Диапазон: 2022-09-09 08:52 - 2022-09-10 01:31
2025-08-12 18:44:55 | INFO     | get_historical_data:108 - Загружено 1000 свечей | Общее количество: 2660000 | Диапазон: 2022-09-12 20:12 - 2022-09-13 12:51
2025-08-12 18:44:58 | INFO     | get_historical_data:108 - Загружено 1000 свечей | Общее количество: 2665000 | Диапазон: 2022-09-16 07:32 - 2022-09-17 00:11
2025-08-12 18:45:00 | INFO     | get_historical_data:108 - Загружено 1000 свечей | Общее количество: 2670000 | Диапазон: 2022-09-19 18:52 - 2022-09-20 11:31
2025-08-12 18:45:03 | INFO     | get_historical_data:108 - Загружено 1000 свечей | Общее количество: 2675000 | Диапазон: 2022-09-23 06:12 - 2022-09-23 22:51
2025-08-12 18:45:05 | INFO     | get_historical_data:108 - Загружено 1000 свечей | Общее количество: 2680000 | Диапазон: 2022-09-26 17:32 - 2022-09-27 10:11
2025-08-12 18:45:08 | INFO     | get_historical_data:108 - Загружено 1000 свечей | Общее количество: 2685000 | Диапазон: 2022-09-30 04:52 - 2022-09-30 21:31
2025-08-12 18:45:10 | INFO     | get_historical_data:108 - Загружено 1000 свечей | Общее количество: 2690000 | Диапазон: 2022-10-03 16:12 - 2022-10-04 08:51
2025-08-12 18:45:12 | INFO     | get_historical_data:108 - Загружено 1000 свечей | Общее количество: 2695000 | Диапазон: 2022-10-07 03:32 - 2022-10-07 20:11
2025-08-12 18:45:15 | INFO     | get_historical_data:108 - Загружено 1000 свечей | Общее количество: 2700000 | Диапазон: 2022-10-10 14:52 - 2022-10-11 07:31
2025-08-12 18:45:17 | INFO     | get_historical_data:108 - Загружено 1000 свечей | Общее количество: 2705000 | Диапазон: 2022-10-14 02:12 - 2022-10-14 18:51
2025-08-12 18:45:19 | INFO     | get_historical_data:108 - Загружено 1000 свечей | Общее количество: 2710000 | Диапазон: 2022-10-17 13:32 - 2022-10-18 06:11
2025-08-12 18:45:21 | INFO     | get_historical_data:108 - Загружено 1000 свечей | Общее количество: 2715000 | Диапазон: 2022-10-21 00:52 - 2022-10-21 17:31
2025-08-12 18:45:24 | INFO     | get_historical_data:108 - Загружено 1000 свечей | Общее количество: 2720000 | Диапазон: 2022-10-24 12:12 - 2022-10-25 04:51
2025-08-12 18:45:26 | INFO     | get_historical_data:108 - Загружено 1000 свечей | Общее количество: 2725000 | Диапазон: 2022-10-27 23:32 - 2022-10-28 16:11
2025-08-12 18:45:28 | INFO     | get_historical_data:108 - Загружено 1000 свечей | Общее количество: 2730000 | Диапазон: 2022-10-31 10:52 - 2022-11-01 03:31
2025-08-12 18:45:30 | INFO     | get_historical_data:108 - Загружено 1000 свечей | Общее количество: 2735000 | Диапазон: 2022-11-03 22:12 - 2022-11-04 14:51
2025-08-12 18:45:32 | INFO     | get_historical_data:108 - Загружено 1000 свечей | Общее количество: 2740000 | Диапазон: 2022-11-07 09:32 - 2022-11-08 02:11
2025-08-12 18:45:35 | INFO     | get_historical_data:108 - Загружено 1000 свечей | Общее количество: 2745000 | Диапазон: 2022-11-10 20:52 - 2022-11-11 13:31
2025-08-12 18:45:37 | INFO     | get_historical_data:108 - Загружено 1000 свечей | Общее количество: 2750000 | Диапазон: 2022-11-14 08:12 - 2022-11-15 00:51
2025-08-12 18:45:39 | INFO     | get_historical_data:108 - Загружено 1000 свечей | Общее количество: 2755000 | Диапазон: 2022-11-17 19:32 - 2022-11-18 12:11
2025-08-12 18:45:41 | INFO     | get_historical_data:108 - Загружено 1000 свечей | Общее количество: 2760000 | Диапазон: 2022-11-21 06:52 - 2022-11-21 23:31
2025-08-12 18:45:43 | INFO     | get_historical_data:108 - Загружено 1000 свечей | Общее количество: 2765000 | Диапазон: 2022-11-24 18:12 - 2022-11-25 10:51
2025-08-12 18:45:46 | INFO     | get_historical_data:108 - Загружено 1000 свечей | Общее количество: 2770000 | Диапазон: 2022-11-28 05:32 - 2022-11-28 22:11
2025-08-12 18:45:48 | INFO     | get_historical_data:108 - Загружено 1000 свечей | Общее количество: 2775000 | Диапазон: 2022-12-01 16:52 - 2022-12-02 09:31
2025-08-12 18:45:50 | INFO     | get_historical_data:108 - Загружено 1000 свечей | Общее количество: 2780000 | Диапазон: 2022-12-05 04:12 - 2022-12-05 20:51
2025-08-12 18:45:52 | INFO     | get_historical_data:108 - Загружено 1000 свечей | Общее количество: 2785000 | Диапазон: 2022-12-08 15:32 - 2022-12-09 08:11
2025-08-12 18:45:54 | INFO     | get_historical_data:108 - Загружено 1000 свечей | Общее количество: 2790000 | Диапазон: 2022-12-12 02:52 - 2022-12-12 19:31
2025-08-12 18:45:57 | INFO     | get_historical_data:108 - Загружено 1000 свечей | Общее количество: 2795000 | Диапазон: 2022-12-15 14:12 - 2022-12-16 06:51
2025-08-12 18:46:00 | INFO     | get_historical_data:108 - Загружено 1000 свечей | Общее количество: 2800000 | Диапазон: 2022-12-19 01:32 - 2022-12-19 18:11
2025-08-12 18:46:02 | INFO     | get_historical_data:108 - Загружено 1000 свечей | Общее количество: 2805000 | Диапазон: 2022-12-22 12:52 - 2022-12-23 05:31
2025-08-12 18:46:04 | INFO     | get_historical_data:108 - Загружено 1000 свечей | Общее количество: 2810000 | Диапазон: 2022-12-26 00:12 - 2022-12-26 16:51
2025-08-12 18:46:06 | INFO     | get_historical_data:108 - Загружено 1000 свечей | Общее количество: 2815000 | Диапазон: 2022-12-29 11:32 - 2022-12-30 04:11
2025-08-12 18:46:10 | INFO     | get_historical_data:108 - Загружено 1000 свечей | Общее количество: 2820000 | Диапазон: 2023-01-01 22:52 - 2023-01-02 15:31
2025-08-12 18:46:12 | INFO     | get_historical_data:108 - Загружено 1000 свечей | Общее количество: 2825000 | Диапазон: 2023-01-05 10:12 - 2023-01-06 02:51
2025-08-12 18:46:14 | INFO     | get_historical_data:108 - Загружено 1000 свечей | Общее количество: 2830000 | Диапазон: 2023-01-08 21:32 - 2023-01-09 14:11
2025-08-12 18:46:17 | INFO     | get_historical_data:108 - Загружено 1000 свечей | Общее количество: 2835000 | Диапазон: 2023-01-12 08:52 - 2023-01-13 01:31
2025-08-12 18:46:19 | INFO     | get_historical_data:108 - Загружено 1000 свечей | Общее количество: 2840000 | Диапазон: 2023-01-15 20:12 - 2023-01-16 12:51
2025-08-12 18:46:21 | INFO     | get_historical_data:108 - Загружено 1000 свечей | Общее количество: 2845000 | Диапазон: 2023-01-19 07:32 - 2023-01-20 00:11
2025-08-12 18:46:23 | INFO     | get_historical_data:108 - Загружено 1000 свечей | Общее количество: 2850000 | Диапазон: 2023-01-22 18:52 - 2023-01-23 11:31
2025-08-12 18:46:25 | INFO     | get_historical_data:108 - Загружено 1000 свечей | Общее количество: 2855000 | Диапазон: 2023-01-26 06:12 - 2023-01-26 22:51
2025-08-12 18:46:28 | INFO     | get_historical_data:108 - Загружено 1000 свечей | Общее количество: 2860000 | Диапазон: 2023-01-29 17:32 - 2023-01-30 10:11
2025-08-12 18:46:30 | INFO     | get_historical_data:108 - Загружено 1000 свечей | Общее количество: 2865000 | Диапазон: 2023-02-02 04:52 - 2023-02-02 21:31
2025-08-12 18:46:32 | INFO     | get_historical_data:108 - Загружено 1000 свечей | Общее количество: 2870000 | Диапазон: 2023-02-05 16:12 - 2023-02-06 08:51
2025-08-12 18:46:34 | INFO     | get_historical_data:108 - Загружено 1000 свечей | Общее количество: 2875000 | Диапазон: 2023-02-09 03:32 - 2023-02-09 20:11
2025-08-12 18:46:36 | INFO     | get_historical_data:108 - Загружено 1000 свечей | Общее количество: 2880000 | Диапазон: 2023-02-12 14:52 - 2023-02-13 07:31
2025-08-12 18:46:39 | INFO     | get_historical_data:108 - Загружено 1000 свечей | Общее количество: 2885000 | Диапазон: 2023-02-16 02:12 - 2023-02-16 18:51
2025-08-12 18:46:41 | INFO     | get_historical_data:108 - Загружено 1000 свечей | Общее количество: 2890000 | Диапазон: 2023-02-19 13:32 - 2023-02-20 06:11
2025-08-12 18:46:43 | INFO     | get_historical_data:108 - Загружено 1000 свечей | Общее количество: 2895000 | Диапазон: 2023-02-23 00:52 - 2023-02-23 17:31
2025-08-12 18:46:45 | INFO     | get_historical_data:108 - Загружено 1000 свечей | Общее количество: 2900000 | Диапазон: 2023-02-26 12:12 - 2023-02-27 04:51
2025-08-12 18:46:48 | INFO     | get_historical_data:108 - Загружено 1000 свечей | Общее количество: 2905000 | Диапазон: 2023-03-01 23:32 - 2023-03-02 16:11
2025-08-12 18:46:50 | INFO     | get_historical_data:108 - Загружено 1000 свечей | Общее количество: 2910000 | Диапазон: 2023-03-05 10:52 - 2023-03-06 03:31
2025-08-12 18:46:52 | INFO     | get_historical_data:108 - Загружено 1000 свечей | Общее количество: 2915000 | Диапазон: 2023-03-08 22:12 - 2023-03-09 14:51
2025-08-12 18:46:54 | INFO     | get_historical_data:108 - Загружено 1000 свечей | Общее количество: 2920000 | Диапазон: 2023-03-12 09:32 - 2023-03-13 02:11
2025-08-12 18:46:56 | INFO     | get_historical_data:108 - Загружено 1000 свечей | Общее количество: 2925000 | Диапазон: 2023-03-15 20:52 - 2023-03-16 13:31
2025-08-12 18:46:59 | INFO     | get_historical_data:108 - Загружено 1000 свечей | Общее количество: 2930000 | Диапазон: 2023-03-19 08:12 - 2023-03-20 00:51
2025-08-12 18:47:01 | INFO     | get_historical_data:108 - Загружено 1000 свечей | Общее количество: 2935000 | Диапазон: 2023-03-22 19:32 - 2023-03-23 12:11
2025-08-12 18:47:03 | INFO     | get_historical_data:108 - Загружено 1000 свечей | Общее количество: 2940000 | Диапазон: 2023-03-26 08:12 - 2023-03-27 00:51
2025-08-12 18:47:05 | INFO     | get_historical_data:108 - Загружено 1000 свечей | Общее количество: 2945000 | Диапазон: 2023-03-29 19:32 - 2023-03-30 12:11
2025-08-12 18:47:07 | INFO     | get_historical_data:108 - Загружено 1000 свечей | Общее количество: 2950000 | Диапазон: 2023-04-02 06:52 - 2023-04-02 23:31
2025-08-12 18:47:10 | INFO     | get_historical_data:108 - Загружено 1000 свечей | Общее количество: 2955000 | Диапазон: 2023-04-05 18:12 - 2023-04-06 10:51
2025-08-12 18:47:12 | INFO     | get_historical_data:108 - Загружено 1000 свечей | Общее количество: 2960000 | Диапазон: 2023-04-09 05:32 - 2023-04-09 22:11
2025-08-12 18:47:14 | INFO     | get_historical_data:108 - Загружено 1000 свечей | Общее количество: 2965000 | Диапазон: 2023-04-12 16:52 - 2023-04-13 09:31
2025-08-12 18:47:17 | INFO     | get_historical_data:108 - Загружено 1000 свечей | Общее количество: 2970000 | Диапазон: 2023-04-16 04:12 - 2023-04-16 20:51
2025-08-12 18:47:19 | INFO     | get_historical_data:108 - Загружено 1000 свечей | Общее количество: 2975000 | Диапазон: 2023-04-19 15:32 - 2023-04-20 08:11
2025-08-12 18:47:21 | INFO     | get_historical_data:108 - Загружено 1000 свечей | Общее количество: 2980000 | Диапазон: 2023-04-23 02:52 - 2023-04-23 19:31
2025-08-12 18:47:23 | INFO     | get_historical_data:108 - Загружено 1000 свечей | Общее количество: 2985000 | Диапазон: 2023-04-26 14:12 - 2023-04-27 06:51
2025-08-12 18:47:25 | INFO     | get_historical_data:108 - Загружено 1000 свечей | Общее количество: 2990000 | Диапазон: 2023-04-30 01:32 - 2023-04-30 18:11
2025-08-12 18:47:28 | INFO     | get_historical_data:108 - Загружено 1000 свечей | Общее количество: 2995000 | Диапазон: 2023-05-03 12:52 - 2023-05-04 05:31
2025-08-12 18:47:30 | INFO     | get_historical_data:108 - Загружено 1000 свечей | Общее количество: 3000000 | Диапазон: 2023-05-07 00:12 - 2023-05-07 16:51
2025-08-12 18:47:32 | INFO     | get_historical_data:108 - Загружено 1000 свечей | Общее количество: 3005000 | Диапазон: 2023-05-10 11:32 - 2023-05-11 04:11
2025-08-12 18:47:34 | INFO     | get_historical_data:108 - Загружено 1000 свечей | Общее количество: 3010000 | Диапазон: 2023-05-13 22:52 - 2023-05-14 15:31
2025-08-12 18:47:37 | INFO     | get_historical_data:108 - Загружено 1000 свечей | Общее количество: 3015000 | Диапазон: 2023-05-17 10:12 - 2023-05-18 02:51
2025-08-12 18:47:39 | INFO     | get_historical_data:108 - Загружено 1000 свечей | Общее количество: 3020000 | Диапазон: 2023-05-20 21:32 - 2023-05-21 14:11
2025-08-12 18:47:41 | INFO     | get_historical_data:108 - Загружено 1000 свечей | Общее количество: 3025000 | Диапазон: 2023-05-24 08:52 - 2023-05-25 01:31
2025-08-12 18:47:43 | INFO     | get_historical_data:108 - Загружено 1000 свечей | Общее количество: 3030000 | Диапазон: 2023-05-27 20:12 - 2023-05-28 12:51
2025-08-12 18:47:45 | INFO     | get_historical_data:108 - Загружено 1000 свечей | Общее количество: 3035000 | Диапазон: 2023-05-31 07:32 - 2023-06-01 00:11
2025-08-12 18:47:48 | INFO     | get_historical_data:108 - Загружено 1000 свечей | Общее количество: 3040000 | Диапазон: 2023-06-03 18:52 - 2023-06-04 11:31
2025-08-12 18:47:50 | INFO     | get_historical_data:108 - Загружено 1000 свечей | Общее количество: 3045000 | Диапазон: 2023-06-07 06:12 - 2023-06-07 22:51
2025-08-12 18:47:52 | INFO     | get_historical_data:108 - Загружено 1000 свечей | Общее количество: 3050000 | Диапазон: 2023-06-10 17:32 - 2023-06-11 10:11
2025-08-12 18:47:54 | INFO     | get_historical_data:108 - Загружено 1000 свечей | Общее количество: 3055000 | Диапазон: 2023-06-14 04:52 - 2023-06-14 21:31
2025-08-12 18:47:56 | INFO     | get_historical_data:108 - Загружено 1000 свечей | Общее количество: 3060000 | Диапазон: 2023-06-17 16:12 - 2023-06-18 08:51
2025-08-12 18:47:59 | INFO     | get_historical_data:108 - Загружено 1000 свечей | Общее количество: 3065000 | Диапазон: 2023-06-21 03:32 - 2023-06-21 20:11
2025-08-12 18:48:01 | INFO     | get_historical_data:108 - Загружено 1000 свечей | Общее количество: 3070000 | Диапазон: 2023-06-24 14:52 - 2023-06-25 07:31
2025-08-12 18:48:03 | INFO     | get_historical_data:108 - Загружено 1000 свечей | Общее количество: 3075000 | Диапазон: 2023-06-28 02:12 - 2023-06-28 18:51
2025-08-12 18:48:05 | INFO     | get_historical_data:108 - Загружено 1000 свечей | Общее количество: 3080000 | Диапазон: 2023-07-01 13:32 - 2023-07-02 06:11
2025-08-12 18:48:07 | INFO     | get_historical_data:108 - Загружено 1000 свечей | Общее количество: 3085000 | Диапазон: 2023-07-05 00:52 - 2023-07-05 17:31
2025-08-12 18:48:10 | INFO     | get_historical_data:108 - Загружено 1000 свечей | Общее количество: 3090000 | Диапазон: 2023-07-08 12:12 - 2023-07-09 04:51
2025-08-12 18:48:12 | INFO     | get_historical_data:108 - Загружено 1000 свечей | Общее количество: 3095000 | Диапазон: 2023-07-11 23:32 - 2023-07-12 16:11
2025-08-12 18:48:14 | INFO     | get_historical_data:108 - Загружено 1000 свечей | Общее количество: 3100000 | Диапазон: 2023-07-15 10:52 - 2023-07-16 03:31
2025-08-12 18:48:16 | INFO     | get_historical_data:108 - Загружено 1000 свечей | Общее количество: 3105000 | Диапазон: 2023-07-18 22:12 - 2023-07-19 14:51
2025-08-12 18:48:18 | INFO     | get_historical_data:108 - Загружено 1000 свечей | Общее количество: 3110000 | Диапазон: 2023-07-22 09:32 - 2023-07-23 02:11
2025-08-12 18:48:21 | INFO     | get_historical_data:108 - Загружено 1000 свечей | Общее количество: 3115000 | Диапазон: 2023-07-25 20:52 - 2023-07-26 13:31
2025-08-12 18:48:23 | INFO     | get_historical_data:108 - Загружено 1000 свечей | Общее количество: 3120000 | Диапазон: 2023-07-29 08:12 - 2023-07-30 00:51
2025-08-12 18:48:25 | INFO     | get_historical_data:108 - Загружено 1000 свечей | Общее количество: 3125000 | Диапазон: 2023-08-01 19:32 - 2023-08-02 12:11
2025-08-12 18:48:27 | INFO     | get_historical_data:108 - Загружено 1000 свечей | Общее количество: 3130000 | Диапазон: 2023-08-05 06:52 - 2023-08-05 23:31
2025-08-12 18:48:29 | INFO     | get_historical_data:108 - Загружено 1000 свечей | Общее количество: 3135000 | Диапазон: 2023-08-08 18:12 - 2023-08-09 10:51
2025-08-12 18:48:32 | INFO     | get_historical_data:108 - Загружено 1000 свечей | Общее количество: 3140000 | Диапазон: 2023-08-12 05:32 - 2023-08-12 22:11
2025-08-12 18:48:34 | INFO     | get_historical_data:108 - Загружено 1000 свечей | Общее количество: 3145000 | Диапазон: 2023-08-15 16:52 - 2023-08-16 09:31
2025-08-12 18:48:36 | INFO     | get_historical_data:108 - Загружено 1000 свечей | Общее количество: 3150000 | Диапазон: 2023-08-19 04:12 - 2023-08-19 20:51
2025-08-12 18:48:38 | INFO     | get_historical_data:108 - Загружено 1000 свечей | Общее количество: 3155000 | Диапазон: 2023-08-22 15:32 - 2023-08-23 08:11
2025-08-12 18:48:40 | INFO     | get_historical_data:108 - Загружено 1000 свечей | Общее количество: 3160000 | Диапазон: 2023-08-26 02:52 - 2023-08-26 19:31
2025-08-12 18:48:42 | INFO     | get_historical_data:108 - Загружено 1000 свечей | Общее количество: 3165000 | Диапазон: 2023-08-29 14:12 - 2023-08-30 06:51
2025-08-12 18:48:45 | INFO     | get_historical_data:108 - Загружено 1000 свечей | Общее количество: 3170000 | Диапазон: 2023-09-02 01:32 - 2023-09-02 18:11
2025-08-12 18:48:47 | INFO     | get_historical_data:108 - Загружено 1000 свечей | Общее количество: 3175000 | Диапазон: 2023-09-05 12:52 - 2023-09-06 05:31
2025-08-12 18:48:49 | INFO     | get_historical_data:108 - Загружено 1000 свечей | Общее количество: 3180000 | Диапазон: 2023-09-09 00:12 - 2023-09-09 16:51
2025-08-12 18:48:51 | INFO     | get_historical_data:108 - Загружено 1000 свечей | Общее количество: 3185000 | Диапазон: 2023-09-12 11:32 - 2023-09-13 04:11
2025-08-12 18:48:54 | INFO     | get_historical_data:108 - Загружено 1000 свечей | Общее количество: 3190000 | Диапазон: 2023-09-15 22:52 - 2023-09-16 15:31
2025-08-12 18:48:56 | INFO     | get_historical_data:108 - Загружено 1000 свечей | Общее количество: 3195000 | Диапазон: 2023-09-19 10:12 - 2023-09-20 02:51
2025-08-12 18:48:58 | INFO     | get_historical_data:108 - Загружено 1000 свечей | Общее количество: 3200000 | Диапазон: 2023-09-22 21:32 - 2023-09-23 14:11
2025-08-12 18:49:00 | INFO     | get_historical_data:108 - Загружено 1000 свечей | Общее количество: 3205000 | Диапазон: 2023-09-26 08:52 - 2023-09-27 01:31
2025-08-12 18:49:02 | INFO     | get_historical_data:108 - Загружено 1000 свечей | Общее количество: 3210000 | Диапазон: 2023-09-29 20:12 - 2023-09-30 12:51
2025-08-12 18:49:05 | INFO     | get_historical_data:108 - Загружено 1000 свечей | Общее количество: 3215000 | Диапазон: 2023-10-03 07:32 - 2023-10-04 00:11
2025-08-12 18:49:07 | INFO     | get_historical_data:108 - Загружено 1000 свечей | Общее количество: 3220000 | Диапазон: 2023-10-06 18:52 - 2023-10-07 11:31
2025-08-12 18:49:09 | INFO     | get_historical_data:108 - Загружено 1000 свечей | Общее количество: 3225000 | Диапазон: 2023-10-10 06:12 - 2023-10-10 22:51
2025-08-12 18:49:11 | INFO     | get_historical_data:108 - Загружено 1000 свечей | Общее количество: 3230000 | Диапазон: 2023-10-13 17:32 - 2023-10-14 10:11
2025-08-12 18:49:13 | INFO     | get_historical_data:108 - Загружено 1000 свечей | Общее количество: 3235000 | Диапазон: 2023-10-17 04:52 - 2023-10-17 21:31
2025-08-12 18:49:16 | INFO     | get_historical_data:108 - Загружено 1000 свечей | Общее количество: 3240000 | Диапазон: 2023-10-20 16:12 - 2023-10-21 08:51
2025-08-12 18:49:18 | INFO     | get_historical_data:108 - Загружено 1000 свечей | Общее количество: 3245000 | Диапазон: 2023-10-24 03:32 - 2023-10-24 20:11
2025-08-12 18:49:20 | INFO     | get_historical_data:108 - Загружено 1000 свечей | Общее количество: 3250000 | Диапазон: 2023-10-27 14:52 - 2023-10-28 07:31
2025-08-12 18:49:22 | INFO     | get_historical_data:108 - Загружено 1000 свечей | Общее количество: 3255000 | Диапазон: 2023-10-31 02:12 - 2023-10-31 18:51
2025-08-12 18:49:25 | INFO     | get_historical_data:108 - Загружено 1000 свечей | Общее количество: 3260000 | Диапазон: 2023-11-03 13:32 - 2023-11-04 06:11
2025-08-12 18:49:27 | INFO     | get_historical_data:108 - Загружено 1000 свечей | Общее количество: 3265000 | Диапазон: 2023-11-07 00:52 - 2023-11-07 17:31
2025-08-12 18:49:29 | INFO     | get_historical_data:108 - Загружено 1000 свечей | Общее количество: 3270000 | Диапазон: 2023-11-10 12:12 - 2023-11-11 04:51
2025-08-12 18:49:31 | INFO     | get_historical_data:108 - Загружено 1000 свечей | Общее количество: 3275000 | Диапазон: 2023-11-13 23:32 - 2023-11-14 16:11
2025-08-12 18:49:33 | INFO     | get_historical_data:108 - Загружено 1000 свечей | Общее количество: 3280000 | Диапазон: 2023-11-17 10:52 - 2023-11-18 03:31
2025-08-12 18:49:36 | INFO     | get_historical_data:108 - Загружено 1000 свечей | Общее количество: 3285000 | Диапазон: 2023-11-20 22:12 - 2023-11-21 14:51
2025-08-12 18:49:38 | INFO     | get_historical_data:108 - Загружено 1000 свечей | Общее количество: 3290000 | Диапазон: 2023-11-24 09:32 - 2023-11-25 02:11
2025-08-12 18:49:40 | INFO     | get_historical_data:108 - Загружено 1000 свечей | Общее количество: 3295000 | Диапазон: 2023-11-27 20:52 - 2023-11-28 13:31
2025-08-12 18:49:43 | INFO     | get_historical_data:108 - Загружено 1000 свечей | Общее количество: 3300000 | Диапазон: 2023-12-01 08:12 - 2023-12-02 00:51
2025-08-12 18:49:45 | INFO     | get_historical_data:108 - Загружено 1000 свечей | Общее количество: 3305000 | Диапазон: 2023-12-04 19:32 - 2023-12-05 12:11
2025-08-12 18:49:47 | INFO     | get_historical_data:108 - Загружено 1000 свечей | Общее количество: 3310000 | Диапазон: 2023-12-08 06:52 - 2023-12-08 23:31
2025-08-12 18:49:49 | INFO     | get_historical_data:108 - Загружено 1000 свечей | Общее количество: 3315000 | Диапазон: 2023-12-11 18:12 - 2023-12-12 10:51
2025-08-12 18:49:51 | INFO     | get_historical_data:108 - Загружено 1000 свечей | Общее количество: 3320000 | Диапазон: 2023-12-15 05:32 - 2023-12-15 22:11
2025-08-12 18:49:54 | INFO     | get_historical_data:108 - Загружено 1000 свечей | Общее количество: 3325000 | Диапазон: 2023-12-18 16:52 - 2023-12-19 09:31
2025-08-12 18:49:56 | INFO     | get_historical_data:108 - Загружено 1000 свечей | Общее количество: 3330000 | Диапазон: 2023-12-22 04:12 - 2023-12-22 20:51
2025-08-12 18:49:58 | INFO     | get_historical_data:108 - Загружено 1000 свечей | Общее количество: 3335000 | Диапазон: 2023-12-25 15:32 - 2023-12-26 08:11
2025-08-12 18:50:00 | INFO     | get_historical_data:108 - Загружено 1000 свечей | Общее количество: 3340000 | Диапазон: 2023-12-29 02:52 - 2023-12-29 19:31
2025-08-12 18:50:02 | INFO     | get_historical_data:108 - Загружено 1000 свечей | Общее количество: 3345000 | Диапазон: 2024-01-01 14:12 - 2024-01-02 06:51
2025-08-12 18:50:05 | INFO     | get_historical_data:108 - Загружено 1000 свечей | Общее количество: 3350000 | Диапазон: 2024-01-05 01:32 - 2024-01-05 18:11
2025-08-12 18:50:07 | INFO     | get_historical_data:108 - Загружено 1000 свечей | Общее количество: 3355000 | Диапазон: 2024-01-08 12:52 - 2024-01-09 05:31
2025-08-12 18:50:10 | INFO     | get_historical_data:108 - Загружено 1000 свечей | Общее количество: 3360000 | Диапазон: 2024-01-12 00:12 - 2024-01-12 16:51
2025-08-12 18:50:12 | INFO     | get_historical_data:108 - Загружено 1000 свечей | Общее количество: 3365000 | Диапазон: 2024-01-15 11:32 - 2024-01-16 04:11
2025-08-12 18:50:14 | INFO     | get_historical_data:108 - Загружено 1000 свечей | Общее количество: 3370000 | Диапазон: 2024-01-18 22:52 - 2024-01-19 15:31
2025-08-12 18:50:16 | INFO     | get_historical_data:108 - Загружено 1000 свечей | Общее количество: 3375000 | Диапазон: 2024-01-22 10:12 - 2024-01-23 02:51
2025-08-12 18:50:18 | INFO     | get_historical_data:108 - Загружено 1000 свечей | Общее количество: 3380000 | Диапазон: 2024-01-25 21:32 - 2024-01-26 14:11
2025-08-12 18:50:20 | INFO     | get_historical_data:108 - Загружено 1000 свечей | Общее количество: 3385000 | Диапазон: 2024-01-29 08:52 - 2024-01-30 01:31
2025-08-12 18:50:23 | INFO     | get_historical_data:108 - Загружено 1000 свечей | Общее количество: 3390000 | Диапазон: 2024-02-01 20:12 - 2024-02-02 12:51
2025-08-12 18:50:25 | INFO     | get_historical_data:108 - Загружено 1000 свечей | Общее количество: 3395000 | Диапазон: 2024-02-05 07:32 - 2024-02-06 00:11
2025-08-12 18:50:27 | INFO     | get_historical_data:108 - Загружено 1000 свечей | Общее количество: 3400000 | Диапазон: 2024-02-08 18:52 - 2024-02-09 11:31
2025-08-12 18:50:29 | INFO     | get_historical_data:108 - Загружено 1000 свечей | Общее количество: 3405000 | Диапазон: 2024-02-12 06:12 - 2024-02-12 22:51
2025-08-12 18:50:31 | INFO     | get_historical_data:108 - Загружено 1000 свечей | Общее количество: 3410000 | Диапазон: 2024-02-15 17:32 - 2024-02-16 10:11
2025-08-12 18:50:34 | INFO     | get_historical_data:108 - Загружено 1000 свечей | Общее количество: 3415000 | Диапазон: 2024-02-19 04:52 - 2024-02-19 21:31
2025-08-12 18:50:36 | INFO     | get_historical_data:108 - Загружено 1000 свечей | Общее количество: 3420000 | Диапазон: 2024-02-22 16:12 - 2024-02-23 08:51
2025-08-12 18:50:38 | INFO     | get_historical_data:108 - Загружено 1000 свечей | Общее количество: 3425000 | Диапазон: 2024-02-26 03:32 - 2024-02-26 20:11
2025-08-12 18:50:40 | INFO     | get_historical_data:108 - Загружено 1000 свечей | Общее количество: 3430000 | Диапазон: 2024-02-29 14:52 - 2024-03-01 07:31
2025-08-12 18:50:42 | INFO     | get_historical_data:108 - Загружено 1000 свечей | Общее количество: 3435000 | Диапазон: 2024-03-04 02:12 - 2024-03-04 18:51
2025-08-12 18:50:45 | INFO     | get_historical_data:108 - Загружено 1000 свечей | Общее количество: 3440000 | Диапазон: 2024-03-07 13:32 - 2024-03-08 06:11
2025-08-12 18:50:47 | INFO     | get_historical_data:108 - Загружено 1000 свечей | Общее количество: 3445000 | Диапазон: 2024-03-11 00:52 - 2024-03-11 17:31
2025-08-12 18:50:49 | INFO     | get_historical_data:108 - Загружено 1000 свечей | Общее количество: 3450000 | Диапазон: 2024-03-14 12:12 - 2024-03-15 04:51
2025-08-12 18:50:51 | INFO     | get_historical_data:108 - Загружено 1000 свечей | Общее количество: 3455000 | Диапазон: 2024-03-17 23:32 - 2024-03-18 16:11
2025-08-12 18:50:53 | INFO     | get_historical_data:108 - Загружено 1000 свечей | Общее количество: 3460000 | Диапазон: 2024-03-21 10:52 - 2024-03-22 03:31
2025-08-12 18:50:55 | INFO     | get_historical_data:108 - Загружено 1000 свечей | Общее количество: 3465000 | Диапазон: 2024-03-24 22:12 - 2024-03-25 14:51
2025-08-12 18:50:58 | INFO     | get_historical_data:108 - Загружено 1000 свечей | Общее количество: 3470000 | Диапазон: 2024-03-28 09:32 - 2024-03-29 02:11
2025-08-12 18:51:00 | INFO     | get_historical_data:108 - Загружено 1000 свечей | Общее количество: 3475000 | Диапазон: 2024-03-31 20:52 - 2024-04-01 13:31
2025-08-12 18:51:02 | INFO     | get_historical_data:108 - Загружено 1000 свечей | Общее количество: 3480000 | Диапазон: 2024-04-04 08:12 - 2024-04-05 00:51
2025-08-12 18:51:04 | INFO     | get_historical_data:108 - Загружено 1000 свечей | Общее количество: 3485000 | Диапазон: 2024-04-07 19:32 - 2024-04-08 12:11
2025-08-12 18:51:06 | INFO     | get_historical_data:108 - Загружено 1000 свечей | Общее количество: 3490000 | Диапазон: 2024-04-11 06:52 - 2024-04-11 23:31
2025-08-12 18:51:09 | INFO     | get_historical_data:108 - Загружено 1000 свечей | Общее количество: 3495000 | Диапазон: 2024-04-14 18:12 - 2024-04-15 10:51
2025-08-12 18:51:11 | INFO     | get_historical_data:108 - Загружено 1000 свечей | Общее количество: 3500000 | Диапазон: 2024-04-18 05:32 - 2024-04-18 22:11
2025-08-12 18:51:13 | INFO     | get_historical_data:108 - Загружено 1000 свечей | Общее количество: 3505000 | Диапазон: 2024-04-21 16:52 - 2024-04-22 09:31
2025-08-12 18:51:15 | INFO     | get_historical_data:108 - Загружено 1000 свечей | Общее количество: 3510000 | Диапазон: 2024-04-25 04:12 - 2024-04-25 20:51
2025-08-12 18:51:18 | INFO     | get_historical_data:108 - Загружено 1000 свечей | Общее количество: 3515000 | Диапазон: 2024-04-28 15:32 - 2024-04-29 08:11
2025-08-12 18:51:20 | INFO     | get_historical_data:108 - Загружено 1000 свечей | Общее количество: 3520000 | Диапазон: 2024-05-02 02:52 - 2024-05-02 19:31
2025-08-12 18:51:22 | INFO     | get_historical_data:108 - Загружено 1000 свечей | Общее количество: 3525000 | Диапазон: 2024-05-05 14:12 - 2024-05-06 06:51
2025-08-12 18:51:25 | INFO     | get_historical_data:108 - Загружено 1000 свечей | Общее количество: 3530000 | Диапазон: 2024-05-09 01:32 - 2024-05-09 18:11
2025-08-12 18:51:27 | INFO     | get_historical_data:108 - Загружено 1000 свечей | Общее количество: 3535000 | Диапазон: 2024-05-12 12:52 - 2024-05-13 05:31
2025-08-12 18:51:29 | INFO     | get_historical_data:108 - Загружено 1000 свечей | Общее количество: 3540000 | Диапазон: 2024-05-16 00:12 - 2024-05-16 16:51
2025-08-12 18:51:31 | INFO     | get_historical_data:108 - Загружено 1000 свечей | Общее количество: 3545000 | Диапазон: 2024-05-19 11:32 - 2024-05-20 04:11
2025-08-12 18:51:35 | INFO     | get_historical_data:108 - Загружено 1000 свечей | Общее количество: 3550000 | Диапазон: 2024-05-22 22:52 - 2024-05-23 15:31
2025-08-12 18:51:37 | INFO     | get_historical_data:108 - Загружено 1000 свечей | Общее количество: 3555000 | Диапазон: 2024-05-26 10:12 - 2024-05-27 02:51
2025-08-12 18:51:39 | INFO     | get_historical_data:108 - Загружено 1000 свечей | Общее количество: 3560000 | Диапазон: 2024-05-29 21:32 - 2024-05-30 14:11
2025-08-12 18:51:42 | INFO     | get_historical_data:108 - Загружено 1000 свечей | Общее количество: 3565000 | Диапазон: 2024-06-02 08:52 - 2024-06-03 01:31
2025-08-12 18:51:44 | INFO     | get_historical_data:108 - Загружено 1000 свечей | Общее количество: 3570000 | Диапазон: 2024-06-05 20:12 - 2024-06-06 12:51
2025-08-12 18:51:46 | INFO     | get_historical_data:108 - Загружено 1000 свечей | Общее количество: 3575000 | Диапазон: 2024-06-09 07:32 - 2024-06-10 00:11
2025-08-12 18:51:48 | INFO     | get_historical_data:108 - Загружено 1000 свечей | Общее количество: 3580000 | Диапазон: 2024-06-12 18:52 - 2024-06-13 11:31
2025-08-12 18:51:50 | INFO     | get_historical_data:108 - Загружено 1000 свечей | Общее количество: 3585000 | Диапазон: 2024-06-16 06:12 - 2024-06-16 22:51
2025-08-12 18:51:52 | INFO     | get_historical_data:108 - Загружено 1000 свечей | Общее количество: 3590000 | Диапазон: 2024-06-19 17:32 - 2024-06-20 10:11
2025-08-12 18:51:55 | INFO     | get_historical_data:108 - Загружено 1000 свечей | Общее количество: 3595000 | Диапазон: 2024-06-23 04:52 - 2024-06-23 21:31
2025-08-12 18:51:57 | INFO     | get_historical_data:108 - Загружено 1000 свечей | Общее количество: 3600000 | Диапазон: 2024-06-26 16:12 - 2024-06-27 08:51
2025-08-12 18:51:59 | INFO     | get_historical_data:108 - Загружено 1000 свечей | Общее количество: 3605000 | Диапазон: 2024-06-30 03:32 - 2024-06-30 20:11
2025-08-12 18:52:01 | INFO     | get_historical_data:108 - Загружено 1000 свечей | Общее количество: 3610000 | Диапазон: 2024-07-03 14:52 - 2024-07-04 07:31
2025-08-12 18:52:04 | INFO     | get_historical_data:108 - Загружено 1000 свечей | Общее количество: 3615000 | Диапазон: 2024-07-07 02:12 - 2024-07-07 18:51
2025-08-12 18:52:06 | INFO     | get_historical_data:108 - Загружено 1000 свечей | Общее количество: 3620000 | Диапазон: 2024-07-10 13:32 - 2024-07-11 06:11
2025-08-12 18:52:08 | INFO     | get_historical_data:108 - Загружено 1000 свечей | Общее количество: 3625000 | Диапазон: 2024-07-14 00:52 - 2024-07-14 17:31
2025-08-12 18:52:10 | INFO     | get_historical_data:108 - Загружено 1000 свечей | Общее количество: 3630000 | Диапазон: 2024-07-17 12:12 - 2024-07-18 04:51
2025-08-12 18:52:12 | INFO     | get_historical_data:108 - Загружено 1000 свечей | Общее количество: 3635000 | Диапазон: 2024-07-20 23:32 - 2024-07-21 16:11
2025-08-12 18:52:15 | INFO     | get_historical_data:108 - Загружено 1000 свечей | Общее количество: 3640000 | Диапазон: 2024-07-24 10:52 - 2024-07-25 03:31
2025-08-12 18:52:17 | INFO     | get_historical_data:108 - Загружено 1000 свечей | Общее количество: 3645000 | Диапазон: 2024-07-27 22:12 - 2024-07-28 14:51
2025-08-12 18:52:19 | INFO     | get_historical_data:108 - Загружено 1000 свечей | Общее количество: 3650000 | Диапазон: 2024-07-31 09:32 - 2024-08-01 02:11
2025-08-12 18:52:22 | INFO     | get_historical_data:108 - Загружено 1000 свечей | Общее количество: 3655000 | Диапазон: 2024-08-03 20:52 - 2024-08-04 13:31
2025-08-12 18:52:24 | INFO     | get_historical_data:108 - Загружено 1000 свечей | Общее количество: 3660000 | Диапазон: 2024-08-07 08:12 - 2024-08-08 00:51
2025-08-12 18:52:26 | INFO     | get_historical_data:108 - Загружено 1000 свечей | Общее количество: 3665000 | Диапазон: 2024-08-10 19:32 - 2024-08-11 12:11
2025-08-12 18:52:28 | INFO     | get_historical_data:108 - Загружено 1000 свечей | Общее количество: 3670000 | Диапазон: 2024-08-14 06:52 - 2024-08-14 23:31
2025-08-12 18:52:30 | INFO     | get_historical_data:108 - Загружено 1000 свечей | Общее количество: 3675000 | Диапазон: 2024-08-17 18:12 - 2024-08-18 10:51
2025-08-12 18:52:33 | INFO     | get_historical_data:108 - Загружено 1000 свечей | Общее количество: 3680000 | Диапазон: 2024-08-21 05:32 - 2024-08-21 22:11
2025-08-12 18:52:35 | INFO     | get_historical_data:108 - Загружено 1000 свечей | Общее количество: 3685000 | Диапазон: 2024-08-24 16:52 - 2024-08-25 09:31
2025-08-12 18:52:38 | INFO     | get_historical_data:108 - Загружено 1000 свечей | Общее количество: 3690000 | Диапазон: 2024-08-28 04:12 - 2024-08-28 20:51
2025-08-12 18:52:41 | INFO     | get_historical_data:108 - Загружено 1000 свечей | Общее количество: 3695000 | Диапазон: 2024-08-31 15:32 - 2024-09-01 08:11
2025-08-12 18:52:45 | INFO     | get_historical_data:108 - Загружено 1000 свечей | Общее количество: 3700000 | Диапазон: 2024-09-04 02:52 - 2024-09-04 19:31
2025-08-12 18:52:49 | INFO     | get_historical_data:108 - Загружено 1000 свечей | Общее количество: 3705000 | Диапазон: 2024-09-07 14:12 - 2024-09-08 06:51
2025-08-12 18:52:53 | INFO     | get_historical_data:108 - Загружено 1000 свечей | Общее количество: 3710000 | Диапазон: 2024-09-11 01:32 - 2024-09-11 18:11
2025-08-12 18:52:55 | INFO     | get_historical_data:108 - Загружено 1000 свечей | Общее количество: 3715000 | Диапазон: 2024-09-14 12:52 - 2024-09-15 05:31
2025-08-12 18:52:58 | INFO     | get_historical_data:108 - Загружено 1000 свечей | Общее количество: 3720000 | Диапазон: 2024-09-18 00:12 - 2024-09-18 16:51
2025-08-12 18:53:01 | INFO     | get_historical_data:108 - Загружено 1000 свечей | Общее количество: 3725000 | Диапазон: 2024-09-21 11:32 - 2024-09-22 04:11
2025-08-12 18:53:03 | INFO     | get_historical_data:108 - Загружено 1000 свечей | Общее количество: 3730000 | Диапазон: 2024-09-24 22:52 - 2024-09-25 15:31
2025-08-12 18:53:06 | INFO     | get_historical_data:108 - Загружено 1000 свечей | Общее количество: 3735000 | Диапазон: 2024-09-28 10:12 - 2024-09-29 02:51
2025-08-12 18:53:08 | INFO     | get_historical_data:108 - Загружено 1000 свечей | Общее количество: 3740000 | Диапазон: 2024-10-01 21:32 - 2024-10-02 14:11
2025-08-12 18:53:11 | INFO     | get_historical_data:108 - Загружено 1000 свечей | Общее количество: 3745000 | Диапазон: 2024-10-05 08:52 - 2024-10-06 01:31
2025-08-12 18:53:13 | INFO     | get_historical_data:108 - Загружено 1000 свечей | Общее количество: 3750000 | Диапазон: 2024-10-08 20:12 - 2024-10-09 12:51
2025-08-12 18:53:15 | INFO     | get_historical_data:108 - Загружено 1000 свечей | Общее количество: 3755000 | Диапазон: 2024-10-12 07:32 - 2024-10-13 00:11
2025-08-12 18:53:17 | INFO     | get_historical_data:108 - Загружено 1000 свечей | Общее количество: 3760000 | Диапазон: 2024-10-15 18:52 - 2024-10-16 11:31
2025-08-12 18:53:20 | INFO     | get_historical_data:108 - Загружено 1000 свечей | Общее количество: 3765000 | Диапазон: 2024-10-19 06:12 - 2024-10-19 22:51
2025-08-12 18:53:22 | INFO     | get_historical_data:108 - Загружено 1000 свечей | Общее количество: 3770000 | Диапазон: 2024-10-22 17:32 - 2024-10-23 10:11
2025-08-12 18:53:24 | INFO     | get_historical_data:108 - Загружено 1000 свечей | Общее количество: 3775000 | Диапазон: 2024-10-26 04:52 - 2024-10-26 21:31
2025-08-12 18:53:26 | INFO     | get_historical_data:108 - Загружено 1000 свечей | Общее количество: 3780000 | Диапазон: 2024-10-29 16:12 - 2024-10-30 08:51
2025-08-12 18:53:28 | INFO     | get_historical_data:108 - Загружено 1000 свечей | Общее количество: 3785000 | Диапазон: 2024-11-02 03:32 - 2024-11-02 20:11
2025-08-12 18:53:31 | INFO     | get_historical_data:108 - Загружено 1000 свечей | Общее количество: 3790000 | Диапазон: 2024-11-05 14:52 - 2024-11-06 07:31
2025-08-12 18:53:33 | INFO     | get_historical_data:108 - Загружено 1000 свечей | Общее количество: 3795000 | Диапазон: 2024-11-09 02:12 - 2024-11-09 18:51
2025-08-12 18:53:35 | INFO     | get_historical_data:108 - Загружено 1000 свечей | Общее количество: 3800000 | Диапазон: 2024-11-12 13:32 - 2024-11-13 06:11
2025-08-12 18:53:38 | INFO     | get_historical_data:108 - Загружено 1000 свечей | Общее количество: 3805000 | Диапазон: 2024-11-16 00:52 - 2024-11-16 17:31
2025-08-12 18:53:40 | INFO     | get_historical_data:108 - Загружено 1000 свечей | Общее количество: 3810000 | Диапазон: 2024-11-19 12:12 - 2024-11-20 04:51
2025-08-12 18:53:42 | INFO     | get_historical_data:108 - Загружено 1000 свечей | Общее количество: 3815000 | Диапазон: 2024-11-22 23:32 - 2024-11-23 16:11
2025-08-12 18:53:44 | INFO     | get_historical_data:108 - Загружено 1000 свечей | Общее количество: 3820000 | Диапазон: 2024-11-26 10:52 - 2024-11-27 03:31
2025-08-12 18:53:46 | INFO     | get_historical_data:108 - Загружено 1000 свечей | Общее количество: 3825000 | Диапазон: 2024-11-29 22:12 - 2024-11-30 14:51
2025-08-12 18:53:48 | INFO     | get_historical_data:108 - Загружено 1000 свечей | Общее количество: 3830000 | Диапазон: 2024-12-03 09:32 - 2024-12-04 02:11
2025-08-12 18:53:51 | INFO     | get_historical_data:108 - Загружено 1000 свечей | Общее количество: 3835000 | Диапазон: 2024-12-06 20:52 - 2024-12-07 13:31
2025-08-12 18:53:53 | INFO     | get_historical_data:108 - Загружено 1000 свечей | Общее количество: 3840000 | Диапазон: 2024-12-10 08:12 - 2024-12-11 00:51
2025-08-12 18:53:55 | INFO     | get_historical_data:108 - Загружено 1000 свечей | Общее количество: 3845000 | Диапазон: 2024-12-13 19:32 - 2024-12-14 12:11
2025-08-12 18:53:57 | INFO     | get_historical_data:108 - Загружено 1000 свечей | Общее количество: 3850000 | Диапазон: 2024-12-17 06:52 - 2024-12-17 23:31
2025-08-12 18:53:59 | INFO     | get_historical_data:108 - Загружено 1000 свечей | Общее количество: 3855000 | Диапазон: 2024-12-20 18:12 - 2024-12-21 10:51
2025-08-12 18:54:02 | INFO     | get_historical_data:108 - Загружено 1000 свечей | Общее количество: 3860000 | Диапазон: 2024-12-24 05:32 - 2024-12-24 22:11
2025-08-12 18:54:04 | INFO     | get_historical_data:108 - Загружено 1000 свечей | Общее количество: 3865000 | Диапазон: 2024-12-27 16:52 - 2024-12-28 09:31
2025-08-12 18:54:06 | INFO     | get_historical_data:108 - Загружено 1000 свечей | Общее количество: 3870000 | Диапазон: 2024-12-31 04:12 - 2024-12-31 20:51
2025-08-12 18:54:08 | INFO     | get_historical_data:108 - Загружено 1000 свечей | Общее количество: 3875000 | Диапазон: 2025-01-03 15:32 - 2025-01-04 08:11
2025-08-12 18:54:10 | INFO     | get_historical_data:108 - Загружено 1000 свечей | Общее количество: 3880000 | Диапазон: 2025-01-07 02:52 - 2025-01-07 19:31
2025-08-12 18:54:12 | INFO     | get_historical_data:108 - Загружено 1000 свечей | Общее количество: 3885000 | Диапазон: 2025-01-10 14:12 - 2025-01-11 06:51
2025-08-12 18:54:15 | INFO     | get_historical_data:108 - Загружено 1000 свечей | Общее количество: 3890000 | Диапазон: 2025-01-14 01:32 - 2025-01-14 18:11
2025-08-12 18:54:17 | INFO     | get_historical_data:108 - Загружено 1000 свечей | Общее количество: 3895000 | Диапазон: 2025-01-17 12:52 - 2025-01-18 05:31
2025-08-12 18:54:19 | INFO     | get_historical_data:108 - Загружено 1000 свечей | Общее количество: 3900000 | Диапазон: 2025-01-21 00:12 - 2025-01-21 16:51
2025-08-12 18:54:21 | INFO     | get_historical_data:108 - Загружено 1000 свечей | Общее количество: 3905000 | Диапазон: 2025-01-24 11:32 - 2025-01-25 04:11
2025-08-12 18:54:24 | INFO     | get_historical_data:108 - Загружено 1000 свечей | Общее количество: 3910000 | Диапазон: 2025-01-27 22:52 - 2025-01-28 15:31
2025-08-12 18:54:26 | INFO     | get_historical_data:108 - Загружено 1000 свечей | Общее количество: 3915000 | Диапазон: 2025-01-31 10:12 - 2025-02-01 02:51
2025-08-12 18:54:28 | INFO     | get_historical_data:108 - Загружено 1000 свечей | Общее количество: 3920000 | Диапазон: 2025-02-03 21:32 - 2025-02-04 14:11
2025-08-12 18:54:30 | INFO     | get_historical_data:108 - Загружено 1000 свечей | Общее количество: 3925000 | Диапазон: 2025-02-07 08:52 - 2025-02-08 01:31
2025-08-12 18:54:33 | INFO     | get_historical_data:108 - Загружено 1000 свечей | Общее количество: 3930000 | Диапазон: 2025-02-10 20:12 - 2025-02-11 12:51
2025-08-12 18:54:35 | INFO     | get_historical_data:108 - Загружено 1000 свечей | Общее количество: 3935000 | Диапазон: 2025-02-14 07:32 - 2025-02-15 00:11
2025-08-12 18:54:37 | INFO     | get_historical_data:108 - Загружено 1000 свечей | Общее количество: 3940000 | Диапазон: 2025-02-17 18:52 - 2025-02-18 11:31
2025-08-12 18:54:39 | INFO     | get_historical_data:108 - Загружено 1000 свечей | Общее количество: 3945000 | Диапазон: 2025-02-21 06:12 - 2025-02-21 22:51
2025-08-12 18:54:41 | INFO     | get_historical_data:108 - Загружено 1000 свечей | Общее количество: 3950000 | Диапазон: 2025-02-24 17:32 - 2025-02-25 10:11
2025-08-12 18:54:44 | INFO     | get_historical_data:108 - Загружено 1000 свечей | Общее количество: 3955000 | Диапазон: 2025-02-28 04:52 - 2025-02-28 21:31
2025-08-12 18:54:46 | INFO     | get_historical_data:108 - Загружено 1000 свечей | Общее количество: 3960000 | Диапазон: 2025-03-03 16:12 - 2025-03-04 08:51
2025-08-12 18:54:48 | INFO     | get_historical_data:108 - Загружено 1000 свечей | Общее количество: 3965000 | Диапазон: 2025-03-07 03:32 - 2025-03-07 20:11
2025-08-12 18:54:51 | INFO     | get_historical_data:108 - Загружено 1000 свечей | Общее количество: 3970000 | Диапазон: 2025-03-10 14:52 - 2025-03-11 07:31
2025-08-12 18:54:53 | INFO     | get_historical_data:108 - Загружено 1000 свечей | Общее количество: 3975000 | Диапазон: 2025-03-14 02:12 - 2025-03-14 18:51
2025-08-12 18:54:55 | INFO     | get_historical_data:108 - Загружено 1000 свечей | Общее количество: 3980000 | Диапазон: 2025-03-17 13:32 - 2025-03-18 06:11
2025-08-12 18:54:57 | INFO     | get_historical_data:108 - Загружено 1000 свечей | Общее количество: 3985000 | Диапазон: 2025-03-21 00:52 - 2025-03-21 17:31
2025-08-12 18:54:59 | INFO     | get_historical_data:108 - Загружено 1000 свечей | Общее количество: 3990000 | Диапазон: 2025-03-24 12:12 - 2025-03-25 04:51
2025-08-12 18:55:02 | INFO     | get_historical_data:108 - Загружено 1000 свечей | Общее количество: 3995000 | Диапазон: 2025-03-27 23:32 - 2025-03-28 16:11
2025-08-12 18:55:04 | INFO     | get_historical_data:108 - Загружено 1000 свечей | Общее количество: 4000000 | Диапазон: 2025-03-31 10:52 - 2025-04-01 03:31
2025-08-12 18:55:06 | INFO     | get_historical_data:108 - Загружено 1000 свечей | Общее количество: 4005000 | Диапазон: 2025-04-03 22:12 - 2025-04-04 14:51
2025-08-12 18:55:08 | INFO     | get_historical_data:108 - Загружено 1000 свечей | Общее количество: 4010000 | Диапазон: 2025-04-07 09:32 - 2025-04-08 02:11
2025-08-12 18:55:11 | INFO     | get_historical_data:108 - Загружено 1000 свечей | Общее количество: 4015000 | Диапазон: 2025-04-10 20:52 - 2025-04-11 13:31
2025-08-12 18:55:13 | INFO     | get_historical_data:108 - Загружено 1000 свечей | Общее количество: 4020000 | Диапазон: 2025-04-14 08:12 - 2025-04-15 00:51
2025-08-12 18:55:15 | INFO     | get_historical_data:108 - Загружено 1000 свечей | Общее количество: 4025000 | Диапазон: 2025-04-17 19:32 - 2025-04-18 12:11
2025-08-12 18:55:17 | INFO     | get_historical_data:108 - Загружено 1000 свечей | Общее количество: 4030000 | Диапазон: 2025-04-21 06:52 - 2025-04-21 23:31
2025-08-12 18:55:19 | INFO     | get_historical_data:108 - Загружено 1000 свечей | Общее количество: 4035000 | Диапазон: 2025-04-24 18:12 - 2025-04-25 10:51
2025-08-12 18:55:21 | INFO     | get_historical_data:108 - Загружено 1000 свечей | Общее количество: 4040000 | Диапазон: 2025-04-28 05:32 - 2025-04-28 22:11
2025-08-12 18:55:24 | INFO     | get_historical_data:108 - Загружено 1000 свечей | Общее количество: 4045000 | Диапазон: 2025-05-01 16:52 - 2025-05-02 09:31
2025-08-12 18:55:26 | INFO     | get_historical_data:108 - Загружено 1000 свечей | Общее количество: 4050000 | Диапазон: 2025-05-05 04:12 - 2025-05-05 20:51
2025-08-12 18:55:28 | INFO     | get_historical_data:108 - Загружено 1000 свечей | Общее количество: 4055000 | Диапазон: 2025-05-08 15:32 - 2025-05-09 08:11
2025-08-12 18:55:30 | INFO     | get_historical_data:108 - Загружено 1000 свечей | Общее количество: 4060000 | Диапазон: 2025-05-12 02:52 - 2025-05-12 19:31
2025-08-12 18:55:32 | INFO     | get_historical_data:108 - Загружено 1000 свечей | Общее количество: 4065000 | Диапазон: 2025-05-15 14:12 - 2025-05-16 06:51
2025-08-12 18:55:34 | INFO     | get_historical_data:108 - Загружено 1000 свечей | Общее количество: 4070000 | Диапазон: 2025-05-19 01:32 - 2025-05-19 18:11
2025-08-12 18:55:37 | INFO     | get_historical_data:108 - Загружено 1000 свечей | Общее количество: 4075000 | Диапазон: 2025-05-22 12:52 - 2025-05-23 05:31
2025-08-12 18:55:39 | INFO     | get_historical_data:108 - Загружено 1000 свечей | Общее количество: 4080000 | Диапазон: 2025-05-26 00:12 - 2025-05-26 16:51
2025-08-12 18:55:41 | INFO     | get_historical_data:108 - Загружено 1000 свечей | Общее количество: 4085000 | Диапазон: 2025-05-29 11:32 - 2025-05-30 04:11
2025-08-12 18:55:43 | INFO     | get_historical_data:108 - Загружено 1000 свечей | Общее количество: 4090000 | Диапазон: 2025-06-01 22:52 - 2025-06-02 15:31
2025-08-12 18:55:45 | INFO     | get_historical_data:108 - Загружено 1000 свечей | Общее количество: 4095000 | Диапазон: 2025-06-05 10:12 - 2025-06-06 02:51
2025-08-12 18:55:47 | INFO     | get_historical_data:108 - Загружено 1000 свечей | Общее количество: 4100000 | Диапазон: 2025-06-08 21:32 - 2025-06-09 14:11
2025-08-12 18:55:50 | INFO     | get_historical_data:108 - Загружено 1000 свечей | Общее количество: 4105000 | Диапазон: 2025-06-12 08:52 - 2025-06-13 01:31
2025-08-12 18:55:52 | INFO     | get_historical_data:108 - Загружено 1000 свечей | Общее количество: 4110000 | Диапазон: 2025-06-15 20:12 - 2025-06-16 12:51
2025-08-12 18:55:54 | INFO     | get_historical_data:108 - Загружено 1000 свечей | Общее количество: 4115000 | Диапазон: 2025-06-19 07:32 - 2025-06-20 00:11
2025-08-12 18:55:56 | INFO     | get_historical_data:108 - Загружено 1000 свечей | Общее количество: 4120000 | Диапазон: 2025-06-22 18:52 - 2025-06-23 11:31
2025-08-12 18:55:58 | INFO     | get_historical_data:108 - Загружено 1000 свечей | Общее количество: 4125000 | Диапазон: 2025-06-26 06:12 - 2025-06-26 22:51
2025-08-12 18:56:01 | INFO     | get_historical_data:108 - Загружено 1000 свечей | Общее количество: 4130000 | Диапазон: 2025-06-29 17:32 - 2025-06-30 10:11
2025-08-12 18:56:03 | INFO     | get_historical_data:108 - Загружено 1000 свечей | Общее количество: 4135000 | Диапазон: 2025-07-03 04:52 - 2025-07-03 21:31
2025-08-12 18:56:05 | INFO     | get_historical_data:108 - Загружено 1000 свечей | Общее количество: 4140000 | Диапазон: 2025-07-06 16:12 - 2025-07-07 08:51
2025-08-12 18:56:07 | INFO     | get_historical_data:108 - Загружено 1000 свечей | Общее количество: 4145000 | Диапазон: 2025-07-10 03:32 - 2025-07-10 20:11
2025-08-12 18:56:09 | INFO     | get_historical_data:108 - Загружено 1000 свечей | Общее количество: 4150000 | Диапазон: 2025-07-13 14:52 - 2025-07-14 07:31
2025-08-12 18:56:11 | INFO     | get_historical_data:108 - Загружено 1000 свечей | Общее количество: 4155000 | Диапазон: 2025-07-17 02:12 - 2025-07-17 18:51
2025-08-12 18:56:14 | INFO     | get_historical_data:108 - Загружено 1000 свечей | Общее количество: 4160000 | Диапазон: 2025-07-20 13:32 - 2025-07-21 06:11
2025-08-12 18:56:16 | INFO     | get_historical_data:108 - Загружено 1000 свечей | Общее количество: 4165000 | Диапазон: 2025-07-24 00:52 - 2025-07-24 17:31
2025-08-12 18:56:18 | INFO     | get_historical_data:108 - Загружено 1000 свечей | Общее количество: 4170000 | Диапазон: 2025-07-27 12:12 - 2025-07-28 04:51
2025-08-12 18:56:20 | INFO     | get_historical_data:108 - Загружено 1000 свечей | Общее количество: 4175000 | Диапазон: 2025-07-30 23:32 - 2025-07-31 16:11
2025-08-12 18:56:22 | INFO     | get_historical_data:108 - Загружено 1000 свечей | Общее количество: 4180000 | Диапазон: 2025-08-03 10:52 - 2025-08-04 03:31
2025-08-12 18:56:24 | INFO     | get_historical_data:108 - Загружено 1000 свечей | Общее количество: 4185000 | Диапазон: 2025-08-06 22:12 - 2025-08-07 14:51
2025-08-12 18:56:25 | INFO     | get_historical_data:108 - Загружено 549 свечей | Общее количество: 4185549 | Диапазон: 2025-08-07 14:52 - 2025-08-08 00:00
2025-08-12 18:56:25 | SUCCESS  | get_historical_data:121 - Завершено! Всего получено 4185549 свечей за 4186 запросов
2025-08-12 18:59:28 | INFO     | get_historical_data:150 - Статистика данных: 4185549 свечей за 2912 дней
2025-08-12 18:59:52 | SUCCESS  | save_to_csv:180 - Данные успешно сохранены в historical_data\date.csv
2025-08-12 18:59:52 | INFO     | save_to_csv:181 - Размер файла: 345.61 MB | Строк: 4185549
2025-08-12 18:59:52 | SUCCESS  | main:211 - ПРОЦЕСС ЗАВЕРШЕН УСПЕШНО!
2025-08-12 18:59:52 | INFO     | main:212 - Время выполнения: 2088.31 секунд
2025-08-12 18:59:52 | INFO     | main:213 - Средняя скорость: 2004.28 свечей/сек
