2025-08-14 17:43:14 | INFO     | main:196 - ==================================================
2025-08-14 17:43:14 | INFO     | main:197 - ЗАПУСК СБОРЩИКА ДАННЫХ Binance | DOGEUSDT | 1m
2025-08-14 17:43:14 | INFO     | main:198 - Период: 2017-01-01 по 2025-08-13
2025-08-14 17:43:14 | INFO     | main:199 - ==================================================
2025-08-14 17:43:14 | INFO     | setup_binance_client:33 - Инициализация Binance API клиента...
2025-08-14 17:43:14 | SUCCESS  | setup_binance_client:37 - Успешное подключение к Binance API
2025-08-14 17:43:14 | INFO     | get_historical_data:69 - Запрос данных для DOGEUSDT с 2017-01-01 по 2025-08-13
2025-08-14 17:43:16 | INFO     | get_historical_data:108 - Загружено 1000 свечей | Общее количество: 5000 | Диапазон: 2019-07-08 11:40 - 2019-07-09 04:19
2025-08-14 17:43:19 | INFO     | get_historical_data:108 - Загружено 1000 свечей | Общее количество: 10000 | Диапазон: 2019-07-11 23:00 - 2019-07-12 15:39
2025-08-14 17:43:21 | INFO     | get_historical_data:108 - Загружено 1000 свечей | Общее количество: 15000 | Диапазон: 2019-07-15 10:20 - 2019-07-16 02:59
2025-08-14 17:43:23 | INFO     | get_historical_data:108 - Загружено 1000 свечей | Общее количество: 20000 | Диапазон: 2019-07-18 21:40 - 2019-07-19 14:19
2025-08-14 17:43:25 | INFO     | get_historical_data:108 - Загружено 1000 свечей | Общее количество: 25000 | Диапазон: 2019-07-22 09:00 - 2019-07-23 01:39
2025-08-14 17:43:27 | INFO     | get_historical_data:108 - Загружено 1000 свечей | Общее количество: 30000 | Диапазон: 2019-07-25 20:20 - 2019-07-26 12:59
2025-08-14 17:43:29 | INFO     | get_historical_data:108 - Загружено 1000 свечей | Общее количество: 35000 | Диапазон: 2019-07-29 07:40 - 2019-07-30 00:19
2025-08-14 17:43:31 | INFO     | get_historical_data:108 - Загружено 1000 свечей | Общее количество: 40000 | Диапазон: 2019-08-01 19:00 - 2019-08-02 11:39
2025-08-14 17:43:33 | INFO     | get_historical_data:108 - Загружено 1000 свечей | Общее количество: 45000 | Диапазон: 2019-08-05 06:20 - 2019-08-05 22:59
2025-08-14 17:43:35 | INFO     | get_historical_data:108 - Загружено 1000 свечей | Общее количество: 50000 | Диапазон: 2019-08-08 17:40 - 2019-08-09 10:19
2025-08-14 17:43:37 | INFO     | get_historical_data:108 - Загружено 1000 свечей | Общее количество: 55000 | Диапазон: 2019-08-12 05:00 - 2019-08-12 21:39
2025-08-14 17:43:40 | INFO     | get_historical_data:108 - Загружено 1000 свечей | Общее количество: 60000 | Диапазон: 2019-08-16 00:20 - 2019-08-16 16:59
2025-08-14 17:43:42 | INFO     | get_historical_data:108 - Загружено 1000 свечей | Общее количество: 65000 | Диапазон: 2019-08-19 11:40 - 2019-08-20 04:19
2025-08-14 17:43:44 | INFO     | get_historical_data:108 - Загружено 1000 свечей | Общее количество: 70000 | Диапазон: 2019-08-22 23:00 - 2019-08-23 15:39
2025-08-14 17:43:46 | INFO     | get_historical_data:108 - Загружено 1000 свечей | Общее количество: 75000 | Диапазон: 2019-08-26 10:20 - 2019-08-27 02:59
2025-08-14 17:43:48 | INFO     | get_historical_data:108 - Загружено 1000 свечей | Общее количество: 80000 | Диапазон: 2019-08-29 21:40 - 2019-08-30 14:19
2025-08-14 17:43:50 | INFO     | get_historical_data:108 - Загружено 1000 свечей | Общее количество: 85000 | Диапазон: 2019-09-02 09:00 - 2019-09-03 01:39
2025-08-14 17:43:52 | INFO     | get_historical_data:108 - Загружено 1000 свечей | Общее количество: 90000 | Диапазон: 2019-09-05 20:20 - 2019-09-06 12:59
2025-08-14 17:43:54 | INFO     | get_historical_data:108 - Загружено 1000 свечей | Общее количество: 95000 | Диапазон: 2019-09-09 07:40 - 2019-09-10 00:19
2025-08-14 17:43:57 | INFO     | get_historical_data:108 - Загружено 1000 свечей | Общее количество: 100000 | Диапазон: 2019-09-12 19:00 - 2019-09-13 11:39
2025-08-14 17:43:59 | INFO     | get_historical_data:108 - Загружено 1000 свечей | Общее количество: 105000 | Диапазон: 2019-09-16 06:20 - 2019-09-16 22:59
2025-08-14 17:44:02 | INFO     | get_historical_data:108 - Загружено 1000 свечей | Общее количество: 110000 | Диапазон: 2019-09-19 17:40 - 2019-09-20 10:19
2025-08-14 17:44:04 | INFO     | get_historical_data:108 - Загружено 1000 свечей | Общее количество: 115000 | Диапазон: 2019-09-23 05:00 - 2019-09-23 21:39
2025-08-14 17:44:06 | INFO     | get_historical_data:108 - Загружено 1000 свечей | Общее количество: 120000 | Диапазон: 2019-09-26 16:20 - 2019-09-27 08:59
2025-08-14 17:44:08 | INFO     | get_historical_data:108 - Загружено 1000 свечей | Общее количество: 125000 | Диапазон: 2019-09-30 03:40 - 2019-09-30 20:19
2025-08-14 17:44:10 | INFO     | get_historical_data:108 - Загружено 1000 свечей | Общее количество: 130000 | Диапазон: 2019-10-03 15:00 - 2019-10-04 07:39
2025-08-14 17:44:12 | INFO     | get_historical_data:108 - Загружено 1000 свечей | Общее количество: 135000 | Диапазон: 2019-10-07 02:20 - 2019-10-07 18:59
2025-08-14 17:44:14 | INFO     | get_historical_data:108 - Загружено 1000 свечей | Общее количество: 140000 | Диапазон: 2019-10-10 13:40 - 2019-10-11 06:19
2025-08-14 17:44:16 | INFO     | get_historical_data:108 - Загружено 1000 свечей | Общее количество: 145000 | Диапазон: 2019-10-14 01:00 - 2019-10-14 17:39
2025-08-14 17:44:18 | INFO     | get_historical_data:108 - Загружено 1000 свечей | Общее количество: 150000 | Диапазон: 2019-10-17 12:20 - 2019-10-18 04:59
2025-08-14 17:44:21 | INFO     | get_historical_data:108 - Загружено 1000 свечей | Общее количество: 155000 | Диапазон: 2019-10-20 23:40 - 2019-10-21 16:19
2025-08-14 17:44:23 | INFO     | get_historical_data:108 - Загружено 1000 свечей | Общее количество: 160000 | Диапазон: 2019-10-24 11:00 - 2019-10-25 03:39
2025-08-14 17:44:25 | INFO     | get_historical_data:108 - Загружено 1000 свечей | Общее количество: 165000 | Диапазон: 2019-10-27 22:20 - 2019-10-28 14:59
2025-08-14 17:44:27 | INFO     | get_historical_data:108 - Загружено 1000 свечей | Общее количество: 170000 | Диапазон: 2019-10-31 09:40 - 2019-11-01 02:19
2025-08-14 17:44:29 | INFO     | get_historical_data:108 - Загружено 1000 свечей | Общее количество: 175000 | Диапазон: 2019-11-03 21:00 - 2019-11-04 13:39
2025-08-14 17:44:31 | INFO     | get_historical_data:108 - Загружено 1000 свечей | Общее количество: 180000 | Диапазон: 2019-11-07 08:20 - 2019-11-08 00:59
2025-08-14 17:44:33 | INFO     | get_historical_data:108 - Загружено 1000 свечей | Общее количество: 185000 | Диапазон: 2019-11-10 19:40 - 2019-11-11 12:19
2025-08-14 17:44:35 | INFO     | get_historical_data:108 - Загружено 1000 свечей | Общее количество: 190000 | Диапазон: 2019-11-14 09:23 - 2019-11-15 02:02
2025-08-14 17:44:37 | INFO     | get_historical_data:108 - Загружено 1000 свечей | Общее количество: 195000 | Диапазон: 2019-11-17 20:43 - 2019-11-18 13:22
2025-08-14 17:44:40 | INFO     | get_historical_data:108 - Загружено 1000 свечей | Общее количество: 200000 | Диапазон: 2019-11-21 08:03 - 2019-11-22 00:42
2025-08-14 17:44:42 | INFO     | get_historical_data:108 - Загружено 1000 свечей | Общее количество: 205000 | Диапазон: 2019-11-24 19:23 - 2019-11-25 14:02
2025-08-14 17:44:44 | INFO     | get_historical_data:108 - Загружено 1000 свечей | Общее количество: 210000 | Диапазон: 2019-11-28 08:43 - 2019-11-29 01:22
2025-08-14 17:44:46 | INFO     | get_historical_data:108 - Загружено 1000 свечей | Общее количество: 215000 | Диапазон: 2019-12-01 20:03 - 2019-12-02 12:42
2025-08-14 17:44:48 | INFO     | get_historical_data:108 - Загружено 1000 свечей | Общее количество: 220000 | Диапазон: 2019-12-05 07:23 - 2019-12-06 00:02
2025-08-14 17:44:50 | INFO     | get_historical_data:108 - Загружено 1000 свечей | Общее количество: 225000 | Диапазон: 2019-12-08 18:43 - 2019-12-09 11:22
2025-08-14 17:44:52 | INFO     | get_historical_data:108 - Загружено 1000 свечей | Общее количество: 230000 | Диапазон: 2019-12-12 06:03 - 2019-12-12 22:42
2025-08-14 17:44:54 | INFO     | get_historical_data:108 - Загружено 1000 свечей | Общее количество: 235000 | Диапазон: 2019-12-15 17:23 - 2019-12-16 10:02
2025-08-14 17:44:56 | INFO     | get_historical_data:108 - Загружено 1000 свечей | Общее количество: 240000 | Диапазон: 2019-12-19 04:43 - 2019-12-19 21:22
2025-08-14 17:44:59 | INFO     | get_historical_data:108 - Загружено 1000 свечей | Общее количество: 245000 | Диапазон: 2019-12-22 16:03 - 2019-12-23 08:42
2025-08-14 17:45:01 | INFO     | get_historical_data:108 - Загружено 1000 свечей | Общее количество: 250000 | Диапазон: 2019-12-26 03:23 - 2019-12-26 20:02
2025-08-14 17:45:03 | INFO     | get_historical_data:108 - Загружено 1000 свечей | Общее количество: 255000 | Диапазон: 2019-12-29 14:43 - 2019-12-30 07:22
2025-08-14 17:45:05 | INFO     | get_historical_data:108 - Загружено 1000 свечей | Общее количество: 260000 | Диапазон: 2020-01-02 02:03 - 2020-01-02 18:42
2025-08-14 17:45:07 | INFO     | get_historical_data:108 - Загружено 1000 свечей | Общее количество: 265000 | Диапазон: 2020-01-05 13:23 - 2020-01-06 06:02
2025-08-14 17:45:10 | INFO     | get_historical_data:108 - Загружено 1000 свечей | Общее количество: 270000 | Диапазон: 2020-01-09 00:43 - 2020-01-09 17:22
2025-08-14 17:45:13 | INFO     | get_historical_data:108 - Загружено 1000 свечей | Общее количество: 275000 | Диапазон: 2020-01-12 12:03 - 2020-01-13 04:42
2025-08-14 17:45:15 | INFO     | get_historical_data:108 - Загружено 1000 свечей | Общее количество: 280000 | Диапазон: 2020-01-15 23:23 - 2020-01-16 16:02
2025-08-14 17:45:17 | INFO     | get_historical_data:108 - Загружено 1000 свечей | Общее количество: 285000 | Диапазон: 2020-01-19 10:43 - 2020-01-20 03:22
2025-08-14 17:45:19 | INFO     | get_historical_data:108 - Загружено 1000 свечей | Общее количество: 290000 | Диапазон: 2020-01-22 22:03 - 2020-01-23 14:42
2025-08-14 17:45:21 | INFO     | get_historical_data:108 - Загружено 1000 свечей | Общее количество: 295000 | Диапазон: 2020-01-26 09:23 - 2020-01-27 02:02
2025-08-14 17:45:23 | INFO     | get_historical_data:108 - Загружено 1000 свечей | Общее количество: 300000 | Диапазон: 2020-01-29 20:43 - 2020-01-30 13:22
2025-08-14 17:45:25 | INFO     | get_historical_data:108 - Загружено 1000 свечей | Общее количество: 305000 | Диапазон: 2020-02-02 08:03 - 2020-02-03 00:42
2025-08-14 17:45:28 | INFO     | get_historical_data:108 - Загружено 1000 свечей | Общее количество: 310000 | Диапазон: 2020-02-05 19:23 - 2020-02-06 12:02
2025-08-14 17:45:30 | INFO     | get_historical_data:108 - Загружено 1000 свечей | Общее количество: 315000 | Диапазон: 2020-02-09 06:43 - 2020-02-10 00:22
2025-08-14 17:45:32 | INFO     | get_historical_data:108 - Загружено 1000 свечей | Общее количество: 320000 | Диапазон: 2020-02-12 19:03 - 2020-02-13 11:42
2025-08-14 17:45:34 | INFO     | get_historical_data:108 - Загружено 1000 свечей | Общее количество: 325000 | Диапазон: 2020-02-16 06:23 - 2020-02-16 23:02
2025-08-14 17:45:36 | INFO     | get_historical_data:108 - Загружено 1000 свечей | Общее количество: 330000 | Диапазон: 2020-02-19 23:37 - 2020-02-20 16:16
2025-08-14 17:45:38 | INFO     | get_historical_data:108 - Загружено 1000 свечей | Общее количество: 335000 | Диапазон: 2020-02-23 10:57 - 2020-02-24 03:36
2025-08-14 17:45:40 | INFO     | get_historical_data:108 - Загружено 1000 свечей | Общее количество: 340000 | Диапазон: 2020-02-26 22:17 - 2020-02-27 14:56
2025-08-14 17:45:42 | INFO     | get_historical_data:108 - Загружено 1000 свечей | Общее количество: 345000 | Диапазон: 2020-03-01 09:37 - 2020-03-02 02:16
2025-08-14 17:45:44 | INFO     | get_historical_data:108 - Загружено 1000 свечей | Общее количество: 350000 | Диапазон: 2020-03-04 23:05 - 2020-03-05 15:44
2025-08-14 17:45:46 | INFO     | get_historical_data:108 - Загружено 1000 свечей | Общее количество: 355000 | Диапазон: 2020-03-08 10:25 - 2020-03-09 03:04
2025-08-14 17:45:49 | INFO     | get_historical_data:108 - Загружено 1000 свечей | Общее количество: 360000 | Диапазон: 2020-03-11 21:45 - 2020-03-12 14:24
2025-08-14 17:45:51 | INFO     | get_historical_data:108 - Загружено 1000 свечей | Общее количество: 365000 | Диапазон: 2020-03-15 09:05 - 2020-03-16 01:44
2025-08-14 17:45:53 | INFO     | get_historical_data:108 - Загружено 1000 свечей | Общее количество: 370000 | Диапазон: 2020-03-18 20:25 - 2020-03-19 13:04
2025-08-14 17:45:55 | INFO     | get_historical_data:108 - Загружено 1000 свечей | Общее количество: 375000 | Диапазон: 2020-03-22 07:45 - 2020-03-23 00:24
2025-08-14 17:45:57 | INFO     | get_historical_data:108 - Загружено 1000 свечей | Общее количество: 380000 | Диапазон: 2020-03-25 19:05 - 2020-03-26 11:44
2025-08-14 17:45:59 | INFO     | get_historical_data:108 - Загружено 1000 свечей | Общее количество: 385000 | Диапазон: 2020-03-29 06:25 - 2020-03-29 23:04
2025-08-14 17:46:01 | INFO     | get_historical_data:108 - Загружено 1000 свечей | Общее количество: 390000 | Диапазон: 2020-04-01 17:45 - 2020-04-02 10:24
2025-08-14 17:46:03 | INFO     | get_historical_data:108 - Загружено 1000 свечей | Общее количество: 395000 | Диапазон: 2020-04-05 05:05 - 2020-04-05 21:44
2025-08-14 17:46:05 | INFO     | get_historical_data:108 - Загружено 1000 свечей | Общее количество: 400000 | Диапазон: 2020-04-08 16:25 - 2020-04-09 09:04
2025-08-14 17:46:08 | INFO     | get_historical_data:108 - Загружено 1000 свечей | Общее количество: 405000 | Диапазон: 2020-04-12 03:45 - 2020-04-12 20:24
2025-08-14 17:46:10 | INFO     | get_historical_data:108 - Загружено 1000 свечей | Общее количество: 410000 | Диапазон: 2020-04-15 15:05 - 2020-04-16 07:44
2025-08-14 17:46:12 | INFO     | get_historical_data:108 - Загружено 1000 свечей | Общее количество: 415000 | Диапазон: 2020-04-19 02:25 - 2020-04-19 19:04
2025-08-14 17:46:14 | INFO     | get_historical_data:108 - Загружено 1000 свечей | Общее количество: 420000 | Диапазон: 2020-04-22 13:45 - 2020-04-23 06:24
2025-08-14 17:46:16 | INFO     | get_historical_data:108 - Загружено 1000 свечей | Общее количество: 425000 | Диапазон: 2020-04-26 03:35 - 2020-04-26 20:14
2025-08-14 17:46:18 | INFO     | get_historical_data:108 - Загружено 1000 свечей | Общее количество: 430000 | Диапазон: 2020-04-29 14:55 - 2020-04-30 07:34
2025-08-14 17:46:20 | INFO     | get_historical_data:108 - Загружено 1000 свечей | Общее количество: 435000 | Диапазон: 2020-05-03 02:15 - 2020-05-03 18:54
2025-08-14 17:46:22 | INFO     | get_historical_data:108 - Загружено 1000 свечей | Общее количество: 440000 | Диапазон: 2020-05-06 13:35 - 2020-05-07 06:14
2025-08-14 17:46:24 | INFO     | get_historical_data:108 - Загружено 1000 свечей | Общее количество: 445000 | Диапазон: 2020-05-10 00:55 - 2020-05-10 17:34
2025-08-14 17:46:26 | INFO     | get_historical_data:108 - Загружено 1000 свечей | Общее количество: 450000 | Диапазон: 2020-05-13 12:15 - 2020-05-14 04:54
2025-08-14 17:46:29 | INFO     | get_historical_data:108 - Загружено 1000 свечей | Общее количество: 455000 | Диапазон: 2020-05-16 23:35 - 2020-05-17 16:14
2025-08-14 17:46:31 | INFO     | get_historical_data:108 - Загружено 1000 свечей | Общее количество: 460000 | Диапазон: 2020-05-20 10:55 - 2020-05-21 03:34
2025-08-14 17:46:33 | INFO     | get_historical_data:108 - Загружено 1000 свечей | Общее количество: 465000 | Диапазон: 2020-05-23 22:15 - 2020-05-24 14:54
2025-08-14 17:46:35 | INFO     | get_historical_data:108 - Загружено 1000 свечей | Общее количество: 470000 | Диапазон: 2020-05-27 09:35 - 2020-05-28 02:14
2025-08-14 17:46:37 | INFO     | get_historical_data:108 - Загружено 1000 свечей | Общее количество: 475000 | Диапазон: 2020-05-30 20:55 - 2020-05-31 13:34
2025-08-14 17:46:39 | INFO     | get_historical_data:108 - Загружено 1000 свечей | Общее количество: 480000 | Диапазон: 2020-06-03 08:15 - 2020-06-04 00:54
2025-08-14 17:46:41 | INFO     | get_historical_data:108 - Загружено 1000 свечей | Общее количество: 485000 | Диапазон: 2020-06-06 19:35 - 2020-06-07 12:14
2025-08-14 17:46:43 | INFO     | get_historical_data:108 - Загружено 1000 свечей | Общее количество: 490000 | Диапазон: 2020-06-10 06:55 - 2020-06-10 23:34
2025-08-14 17:46:46 | INFO     | get_historical_data:108 - Загружено 1000 свечей | Общее количество: 495000 | Диапазон: 2020-06-13 18:15 - 2020-06-14 10:54
2025-08-14 17:46:48 | INFO     | get_historical_data:108 - Загружено 1000 свечей | Общее количество: 500000 | Диапазон: 2020-06-17 05:35 - 2020-06-17 22:14
2025-08-14 17:46:50 | INFO     | get_historical_data:108 - Загружено 1000 свечей | Общее количество: 505000 | Диапазон: 2020-06-20 16:55 - 2020-06-21 09:34
2025-08-14 17:46:52 | INFO     | get_historical_data:108 - Загружено 1000 свечей | Общее количество: 510000 | Диапазон: 2020-06-24 04:15 - 2020-06-24 20:54
2025-08-14 17:46:54 | INFO     | get_historical_data:108 - Загружено 1000 свечей | Общее количество: 515000 | Диапазон: 2020-06-27 15:35 - 2020-06-28 11:44
2025-08-14 17:46:57 | INFO     | get_historical_data:108 - Загружено 1000 свечей | Общее количество: 520000 | Диапазон: 2020-07-01 06:25 - 2020-07-01 23:04
2025-08-14 17:46:59 | INFO     | get_historical_data:108 - Загружено 1000 свечей | Общее количество: 525000 | Диапазон: 2020-07-04 17:45 - 2020-07-05 10:24
2025-08-14 17:47:01 | INFO     | get_historical_data:108 - Загружено 1000 свечей | Общее количество: 530000 | Диапазон: 2020-07-08 05:05 - 2020-07-08 21:44
2025-08-14 17:47:03 | INFO     | get_historical_data:108 - Загружено 1000 свечей | Общее количество: 535000 | Диапазон: 2020-07-11 16:25 - 2020-07-12 09:04
2025-08-14 17:47:05 | INFO     | get_historical_data:108 - Загружено 1000 свечей | Общее количество: 540000 | Диапазон: 2020-07-15 03:45 - 2020-07-15 20:24
2025-08-14 17:47:07 | INFO     | get_historical_data:108 - Загружено 1000 свечей | Общее количество: 545000 | Диапазон: 2020-07-18 15:05 - 2020-07-19 07:44
2025-08-14 17:47:10 | INFO     | get_historical_data:108 - Загружено 1000 свечей | Общее количество: 550000 | Диапазон: 2020-07-22 02:25 - 2020-07-22 19:04
2025-08-14 17:47:12 | INFO     | get_historical_data:108 - Загружено 1000 свечей | Общее количество: 555000 | Диапазон: 2020-07-25 13:45 - 2020-07-26 06:24
2025-08-14 17:47:14 | INFO     | get_historical_data:108 - Загружено 1000 свечей | Общее количество: 560000 | Диапазон: 2020-07-29 01:05 - 2020-07-29 17:44
2025-08-14 17:47:16 | INFO     | get_historical_data:108 - Загружено 1000 свечей | Общее количество: 565000 | Диапазон: 2020-08-01 12:25 - 2020-08-02 05:04
2025-08-14 17:47:18 | INFO     | get_historical_data:108 - Загружено 1000 свечей | Общее количество: 570000 | Диапазон: 2020-08-04 23:45 - 2020-08-05 16:24
2025-08-14 17:47:20 | INFO     | get_historical_data:108 - Загружено 1000 свечей | Общее количество: 575000 | Диапазон: 2020-08-08 11:05 - 2020-08-09 03:44
2025-08-14 17:47:22 | INFO     | get_historical_data:108 - Загружено 1000 свечей | Общее количество: 580000 | Диапазон: 2020-08-11 22:25 - 2020-08-12 15:04
2025-08-14 17:47:25 | INFO     | get_historical_data:108 - Загружено 1000 свечей | Общее количество: 585000 | Диапазон: 2020-08-15 09:45 - 2020-08-16 02:24
2025-08-14 17:47:27 | INFO     | get_historical_data:108 - Загружено 1000 свечей | Общее количество: 590000 | Диапазон: 2020-08-18 21:05 - 2020-08-19 13:44
2025-08-14 17:47:29 | INFO     | get_historical_data:108 - Загружено 1000 свечей | Общее количество: 595000 | Диапазон: 2020-08-22 08:25 - 2020-08-23 01:04
2025-08-14 17:47:31 | INFO     | get_historical_data:108 - Загружено 1000 свечей | Общее количество: 600000 | Диапазон: 2020-08-25 19:45 - 2020-08-26 12:24
2025-08-14 17:47:33 | INFO     | get_historical_data:108 - Загружено 1000 свечей | Общее количество: 605000 | Диапазон: 2020-08-29 07:05 - 2020-08-29 23:44
2025-08-14 17:47:35 | INFO     | get_historical_data:108 - Загружено 1000 свечей | Общее количество: 610000 | Диапазон: 2020-09-01 18:25 - 2020-09-02 11:04
2025-08-14 17:47:37 | INFO     | get_historical_data:108 - Загружено 1000 свечей | Общее количество: 615000 | Диапазон: 2020-09-05 05:45 - 2020-09-05 22:24
2025-08-14 17:47:39 | INFO     | get_historical_data:108 - Загружено 1000 свечей | Общее количество: 620000 | Диапазон: 2020-09-08 17:05 - 2020-09-09 09:44
2025-08-14 17:47:42 | INFO     | get_historical_data:108 - Загружено 1000 свечей | Общее количество: 625000 | Диапазон: 2020-09-12 04:25 - 2020-09-12 21:04
2025-08-14 17:47:44 | INFO     | get_historical_data:108 - Загружено 1000 свечей | Общее количество: 630000 | Диапазон: 2020-09-15 15:45 - 2020-09-16 08:24
2025-08-14 17:47:46 | INFO     | get_historical_data:108 - Загружено 1000 свечей | Общее количество: 635000 | Диапазон: 2020-09-19 03:05 - 2020-09-19 19:44
2025-08-14 17:47:48 | INFO     | get_historical_data:108 - Загружено 1000 свечей | Общее количество: 640000 | Диапазон: 2020-09-22 14:25 - 2020-09-23 07:04
2025-08-14 17:47:51 | INFO     | get_historical_data:108 - Загружено 1000 свечей | Общее количество: 645000 | Диапазон: 2020-09-26 01:45 - 2020-09-26 18:24
2025-08-14 17:47:53 | INFO     | get_historical_data:108 - Загружено 1000 свечей | Общее количество: 650000 | Диапазон: 2020-09-29 13:05 - 2020-09-30 05:44
2025-08-14 17:47:56 | INFO     | get_historical_data:108 - Загружено 1000 свечей | Общее количество: 655000 | Диапазон: 2020-10-03 00:25 - 2020-10-03 17:04
2025-08-14 17:47:58 | INFO     | get_historical_data:108 - Загружено 1000 свечей | Общее количество: 660000 | Диапазон: 2020-10-06 11:45 - 2020-10-07 04:24
2025-08-14 17:48:00 | INFO     | get_historical_data:108 - Загружено 1000 свечей | Общее количество: 665000 | Диапазон: 2020-10-09 23:05 - 2020-10-10 15:44
2025-08-14 17:48:02 | INFO     | get_historical_data:108 - Загружено 1000 свечей | Общее количество: 670000 | Диапазон: 2020-10-13 10:25 - 2020-10-14 03:04
2025-08-14 17:48:04 | INFO     | get_historical_data:108 - Загружено 1000 свечей | Общее количество: 675000 | Диапазон: 2020-10-16 21:45 - 2020-10-17 14:24
2025-08-14 17:48:06 | INFO     | get_historical_data:108 - Загружено 1000 свечей | Общее количество: 680000 | Диапазон: 2020-10-20 09:05 - 2020-10-21 01:44
2025-08-14 17:48:08 | INFO     | get_historical_data:108 - Загружено 1000 свечей | Общее количество: 685000 | Диапазон: 2020-10-23 20:25 - 2020-10-24 13:04
2025-08-14 17:48:11 | INFO     | get_historical_data:108 - Загружено 1000 свечей | Общее количество: 690000 | Диапазон: 2020-10-27 07:45 - 2020-10-28 00:24
2025-08-14 17:48:13 | INFO     | get_historical_data:108 - Загружено 1000 свечей | Общее количество: 695000 | Диапазон: 2020-10-30 19:05 - 2020-10-31 11:44
2025-08-14 17:48:15 | INFO     | get_historical_data:108 - Загружено 1000 свечей | Общее количество: 700000 | Диапазон: 2020-11-03 06:25 - 2020-11-03 23:04
2025-08-14 17:48:17 | INFO     | get_historical_data:108 - Загружено 1000 свечей | Общее количество: 705000 | Диапазон: 2020-11-06 17:45 - 2020-11-07 10:24
2025-08-14 17:48:19 | INFO     | get_historical_data:108 - Загружено 1000 свечей | Общее количество: 710000 | Диапазон: 2020-11-10 05:05 - 2020-11-10 21:44
2025-08-14 17:48:21 | INFO     | get_historical_data:108 - Загружено 1000 свечей | Общее количество: 715000 | Диапазон: 2020-11-13 16:25 - 2020-11-14 09:04
2025-08-14 17:48:23 | INFO     | get_historical_data:108 - Загружено 1000 свечей | Общее количество: 720000 | Диапазон: 2020-11-17 03:45 - 2020-11-17 20:24
2025-08-14 17:48:25 | INFO     | get_historical_data:108 - Загружено 1000 свечей | Общее количество: 725000 | Диапазон: 2020-11-20 15:05 - 2020-11-21 07:44
2025-08-14 17:48:28 | INFO     | get_historical_data:108 - Загружено 1000 свечей | Общее количество: 730000 | Диапазон: 2020-11-24 02:25 - 2020-11-24 19:04
2025-08-14 17:48:30 | INFO     | get_historical_data:108 - Загружено 1000 свечей | Общее количество: 735000 | Диапазон: 2020-11-27 13:45 - 2020-11-28 06:24
2025-08-14 17:48:32 | INFO     | get_historical_data:108 - Загружено 1000 свечей | Общее количество: 740000 | Диапазон: 2020-12-01 02:05 - 2020-12-01 18:44
2025-08-14 17:48:34 | INFO     | get_historical_data:108 - Загружено 1000 свечей | Общее количество: 745000 | Диапазон: 2020-12-04 13:25 - 2020-12-05 06:04
2025-08-14 17:48:36 | INFO     | get_historical_data:108 - Загружено 1000 свечей | Общее количество: 750000 | Диапазон: 2020-12-08 00:45 - 2020-12-08 17:24
2025-08-14 17:48:38 | INFO     | get_historical_data:108 - Загружено 1000 свечей | Общее количество: 755000 | Диапазон: 2020-12-11 12:05 - 2020-12-12 04:44
2025-08-14 17:48:41 | INFO     | get_historical_data:108 - Загружено 1000 свечей | Общее количество: 760000 | Диапазон: 2020-12-14 23:25 - 2020-12-15 16:04
2025-08-14 17:48:43 | INFO     | get_historical_data:108 - Загружено 1000 свечей | Общее количество: 765000 | Диапазон: 2020-12-18 10:45 - 2020-12-19 03:24
2025-08-14 17:48:45 | INFO     | get_historical_data:108 - Загружено 1000 свечей | Общее количество: 770000 | Диапазон: 2020-12-22 02:17 - 2020-12-22 18:56
2025-08-14 17:48:47 | INFO     | get_historical_data:108 - Загружено 1000 свечей | Общее количество: 775000 | Диапазон: 2020-12-25 14:37 - 2020-12-26 07:16
2025-08-14 17:48:50 | INFO     | get_historical_data:108 - Загружено 1000 свечей | Общее количество: 780000 | Диапазон: 2020-12-29 01:57 - 2020-12-29 18:36
2025-08-14 17:48:52 | INFO     | get_historical_data:108 - Загружено 1000 свечей | Общее количество: 785000 | Диапазон: 2021-01-01 13:17 - 2021-01-02 05:56
2025-08-14 17:48:54 | INFO     | get_historical_data:108 - Загружено 1000 свечей | Общее количество: 790000 | Диапазон: 2021-01-05 00:37 - 2021-01-05 17:16
2025-08-14 17:48:56 | INFO     | get_historical_data:108 - Загружено 1000 свечей | Общее количество: 795000 | Диапазон: 2021-01-08 11:57 - 2021-01-09 04:36
2025-08-14 17:48:58 | INFO     | get_historical_data:108 - Загружено 1000 свечей | Общее количество: 800000 | Диапазон: 2021-01-11 23:17 - 2021-01-12 15:56
2025-08-14 17:49:01 | INFO     | get_historical_data:108 - Загружено 1000 свечей | Общее количество: 805000 | Диапазон: 2021-01-15 10:37 - 2021-01-16 03:16
2025-08-14 17:49:03 | INFO     | get_historical_data:108 - Загружено 1000 свечей | Общее количество: 810000 | Диапазон: 2021-01-18 21:57 - 2021-01-19 14:36
2025-08-14 17:49:05 | INFO     | get_historical_data:108 - Загружено 1000 свечей | Общее количество: 815000 | Диапазон: 2021-01-22 09:17 - 2021-01-23 01:56
2025-08-14 17:49:07 | INFO     | get_historical_data:108 - Загружено 1000 свечей | Общее количество: 820000 | Диапазон: 2021-01-25 20:37 - 2021-01-26 13:16
2025-08-14 17:49:10 | INFO     | get_historical_data:108 - Загружено 1000 свечей | Общее количество: 825000 | Диапазон: 2021-01-29 07:57 - 2021-01-30 00:36
2025-08-14 17:49:12 | INFO     | get_historical_data:108 - Загружено 1000 свечей | Общее количество: 830000 | Диапазон: 2021-02-01 19:17 - 2021-02-02 11:56
2025-08-14 17:49:14 | INFO     | get_historical_data:108 - Загружено 1000 свечей | Общее количество: 835000 | Диапазон: 2021-02-05 06:37 - 2021-02-05 23:16
2025-08-14 17:49:16 | INFO     | get_historical_data:108 - Загружено 1000 свечей | Общее количество: 840000 | Диапазон: 2021-02-08 17:57 - 2021-02-09 10:36
2025-08-14 17:49:19 | INFO     | get_historical_data:108 - Загружено 1000 свечей | Общее количество: 845000 | Диапазон: 2021-02-12 06:36 - 2021-02-12 23:15
2025-08-14 17:49:21 | INFO     | get_historical_data:108 - Загружено 1000 свечей | Общее количество: 850000 | Диапазон: 2021-02-15 17:56 - 2021-02-16 10:35
2025-08-14 17:49:23 | INFO     | get_historical_data:108 - Загружено 1000 свечей | Общее количество: 855000 | Диапазон: 2021-02-19 05:16 - 2021-02-19 21:55
2025-08-14 17:49:26 | INFO     | get_historical_data:108 - Загружено 1000 свечей | Общее количество: 860000 | Диапазон: 2021-02-22 16:36 - 2021-02-23 09:15
2025-08-14 17:49:28 | INFO     | get_historical_data:108 - Загружено 1000 свечей | Общее количество: 865000 | Диапазон: 2021-02-26 03:56 - 2021-02-26 20:35
2025-08-14 17:49:31 | INFO     | get_historical_data:108 - Загружено 1000 свечей | Общее количество: 870000 | Диапазон: 2021-03-01 15:16 - 2021-03-02 07:55
2025-08-14 17:49:33 | INFO     | get_historical_data:108 - Загружено 1000 свечей | Общее количество: 875000 | Диапазон: 2021-03-05 02:36 - 2021-03-05 19:15
2025-08-14 17:49:35 | INFO     | get_historical_data:108 - Загружено 1000 свечей | Общее количество: 880000 | Диапазон: 2021-03-08 15:26 - 2021-03-09 08:05
2025-08-14 17:49:37 | INFO     | get_historical_data:108 - Загружено 1000 свечей | Общее количество: 885000 | Диапазон: 2021-03-12 02:46 - 2021-03-12 19:25
2025-08-14 17:49:39 | INFO     | get_historical_data:108 - Загружено 1000 свечей | Общее количество: 890000 | Диапазон: 2021-03-15 14:06 - 2021-03-16 06:45
2025-08-14 17:49:42 | INFO     | get_historical_data:108 - Загружено 1000 свечей | Общее количество: 895000 | Диапазон: 2021-03-19 01:26 - 2021-03-19 18:05
2025-08-14 17:49:44 | INFO     | get_historical_data:108 - Загружено 1000 свечей | Общее количество: 900000 | Диапазон: 2021-03-22 12:46 - 2021-03-23 05:25
2025-08-14 17:49:46 | INFO     | get_historical_data:108 - Загружено 1000 свечей | Общее количество: 905000 | Диапазон: 2021-03-26 00:06 - 2021-03-26 16:45
2025-08-14 17:49:48 | INFO     | get_historical_data:108 - Загружено 1000 свечей | Общее количество: 910000 | Диапазон: 2021-03-29 11:26 - 2021-03-30 04:05
2025-08-14 17:49:50 | INFO     | get_historical_data:108 - Загружено 1000 свечей | Общее количество: 915000 | Диапазон: 2021-04-01 22:46 - 2021-04-02 15:25
2025-08-14 17:49:53 | INFO     | get_historical_data:108 - Загружено 1000 свечей | Общее количество: 920000 | Диапазон: 2021-04-05 10:06 - 2021-04-06 02:45
2025-08-14 17:49:55 | INFO     | get_historical_data:108 - Загружено 1000 свечей | Общее количество: 925000 | Диапазон: 2021-04-08 21:26 - 2021-04-09 14:05
2025-08-14 17:49:57 | INFO     | get_historical_data:108 - Загружено 1000 свечей | Общее количество: 930000 | Диапазон: 2021-04-12 08:46 - 2021-04-13 01:25
2025-08-14 17:49:59 | INFO     | get_historical_data:108 - Загружено 1000 свечей | Общее количество: 935000 | Диапазон: 2021-04-15 20:06 - 2021-04-16 12:45
2025-08-14 17:50:02 | INFO     | get_historical_data:108 - Загружено 1000 свечей | Общее количество: 940000 | Диапазон: 2021-04-19 07:26 - 2021-04-20 00:05
2025-08-14 17:50:04 | INFO     | get_historical_data:108 - Загружено 1000 свечей | Общее количество: 945000 | Диапазон: 2021-04-22 21:16 - 2021-04-23 13:55
2025-08-14 17:50:06 | INFO     | get_historical_data:108 - Загружено 1000 свечей | Общее количество: 950000 | Диапазон: 2021-04-26 13:20 - 2021-04-27 05:59
2025-08-14 17:50:08 | INFO     | get_historical_data:108 - Загружено 1000 свечей | Общее количество: 955000 | Диапазон: 2021-04-30 00:40 - 2021-04-30 17:19
2025-08-14 17:50:11 | INFO     | get_historical_data:108 - Загружено 1000 свечей | Общее количество: 960000 | Диапазон: 2021-05-03 12:00 - 2021-05-04 04:39
2025-08-14 17:50:13 | INFO     | get_historical_data:108 - Загружено 1000 свечей | Общее количество: 965000 | Диапазон: 2021-05-06 23:20 - 2021-05-07 15:59
2025-08-14 17:50:15 | INFO     | get_historical_data:108 - Загружено 1000 свечей | Общее количество: 970000 | Диапазон: 2021-05-10 10:40 - 2021-05-11 03:19
2025-08-14 17:50:18 | INFO     | get_historical_data:108 - Загружено 1000 свечей | Общее количество: 975000 | Диапазон: 2021-05-13 22:00 - 2021-05-14 14:39
2025-08-14 17:50:20 | INFO     | get_historical_data:108 - Загружено 1000 свечей | Общее количество: 980000 | Диапазон: 2021-05-17 09:20 - 2021-05-18 01:59
2025-08-14 17:50:22 | INFO     | get_historical_data:108 - Загружено 1000 свечей | Общее количество: 985000 | Диапазон: 2021-05-20 20:40 - 2021-05-21 13:19
2025-08-14 17:50:25 | INFO     | get_historical_data:108 - Загружено 1000 свечей | Общее количество: 990000 | Диапазон: 2021-05-24 08:00 - 2021-05-25 00:39
2025-08-14 17:50:27 | INFO     | get_historical_data:108 - Загружено 1000 свечей | Общее количество: 995000 | Диапазон: 2021-05-27 19:20 - 2021-05-28 11:59
2025-08-14 17:50:30 | INFO     | get_historical_data:108 - Загружено 1000 свечей | Общее количество: 1000000 | Диапазон: 2021-05-31 06:40 - 2021-05-31 23:19
2025-08-14 17:50:32 | INFO     | get_historical_data:108 - Загружено 1000 свечей | Общее количество: 1005000 | Диапазон: 2021-06-03 18:00 - 2021-06-04 10:39
2025-08-14 17:50:34 | INFO     | get_historical_data:108 - Загружено 1000 свечей | Общее количество: 1010000 | Диапазон: 2021-06-07 05:20 - 2021-06-07 21:59
2025-08-14 17:50:36 | INFO     | get_historical_data:108 - Загружено 1000 свечей | Общее количество: 1015000 | Диапазон: 2021-06-10 16:40 - 2021-06-11 09:19
2025-08-14 17:50:38 | INFO     | get_historical_data:108 - Загружено 1000 свечей | Общее количество: 1020000 | Диапазон: 2021-06-14 04:00 - 2021-06-14 20:39
2025-08-14 17:50:41 | INFO     | get_historical_data:108 - Загружено 1000 свечей | Общее количество: 1025000 | Диапазон: 2021-06-17 15:20 - 2021-06-18 07:59
2025-08-14 17:50:43 | INFO     | get_historical_data:108 - Загружено 1000 свечей | Общее количество: 1030000 | Диапазон: 2021-06-21 02:40 - 2021-06-21 19:19
2025-08-14 17:50:45 | INFO     | get_historical_data:108 - Загружено 1000 свечей | Общее количество: 1035000 | Диапазон: 2021-06-24 14:00 - 2021-06-25 06:39
2025-08-14 17:50:48 | INFO     | get_historical_data:108 - Загружено 1000 свечей | Общее количество: 1040000 | Диапазон: 2021-06-28 01:20 - 2021-06-28 17:59
2025-08-14 17:50:50 | INFO     | get_historical_data:108 - Загружено 1000 свечей | Общее количество: 1045000 | Диапазон: 2021-07-01 12:40 - 2021-07-02 05:19
2025-08-14 17:50:53 | INFO     | get_historical_data:108 - Загружено 1000 свечей | Общее количество: 1050000 | Диапазон: 2021-07-05 00:00 - 2021-07-05 16:39
2025-08-14 17:50:55 | INFO     | get_historical_data:108 - Загружено 1000 свечей | Общее количество: 1055000 | Диапазон: 2021-07-08 11:20 - 2021-07-09 03:59
2025-08-14 17:50:57 | INFO     | get_historical_data:108 - Загружено 1000 свечей | Общее количество: 1060000 | Диапазон: 2021-07-11 22:40 - 2021-07-12 15:19
2025-08-14 17:50:59 | INFO     | get_historical_data:108 - Загружено 1000 свечей | Общее количество: 1065000 | Диапазон: 2021-07-15 10:00 - 2021-07-16 02:39
2025-08-14 17:51:02 | INFO     | get_historical_data:108 - Загружено 1000 свечей | Общее количество: 1070000 | Диапазон: 2021-07-18 21:20 - 2021-07-19 13:59
2025-08-14 17:51:04 | INFO     | get_historical_data:108 - Загружено 1000 свечей | Общее количество: 1075000 | Диапазон: 2021-07-22 08:40 - 2021-07-23 01:19
2025-08-14 17:51:06 | INFO     | get_historical_data:108 - Загружено 1000 свечей | Общее количество: 1080000 | Диапазон: 2021-07-25 20:00 - 2021-07-26 12:39
2025-08-14 17:51:09 | INFO     | get_historical_data:108 - Загружено 1000 свечей | Общее количество: 1085000 | Диапазон: 2021-07-29 07:20 - 2021-07-29 23:59
2025-08-14 17:51:11 | INFO     | get_historical_data:108 - Загружено 1000 свечей | Общее количество: 1090000 | Диапазон: 2021-08-01 18:40 - 2021-08-02 11:19
2025-08-14 17:51:14 | INFO     | get_historical_data:108 - Загружено 1000 свечей | Общее количество: 1095000 | Диапазон: 2021-08-05 06:00 - 2021-08-05 22:39
2025-08-14 17:51:16 | INFO     | get_historical_data:108 - Загружено 1000 свечей | Общее количество: 1100000 | Диапазон: 2021-08-08 17:20 - 2021-08-09 09:59
2025-08-14 17:51:18 | INFO     | get_historical_data:108 - Загружено 1000 свечей | Общее количество: 1105000 | Диапазон: 2021-08-12 04:40 - 2021-08-12 21:19
2025-08-14 17:51:20 | INFO     | get_historical_data:108 - Загружено 1000 свечей | Общее количество: 1110000 | Диапазон: 2021-08-15 20:30 - 2021-08-16 13:09
2025-08-14 17:51:22 | INFO     | get_historical_data:108 - Загружено 1000 свечей | Общее количество: 1115000 | Диапазон: 2021-08-19 07:50 - 2021-08-20 00:29
2025-08-14 17:51:25 | INFO     | get_historical_data:108 - Загружено 1000 свечей | Общее количество: 1120000 | Диапазон: 2021-08-22 19:10 - 2021-08-23 11:49
2025-08-14 17:51:27 | INFO     | get_historical_data:108 - Загружено 1000 свечей | Общее количество: 1125000 | Диапазон: 2021-08-26 06:30 - 2021-08-26 23:09
2025-08-14 17:51:29 | INFO     | get_historical_data:108 - Загружено 1000 свечей | Общее количество: 1130000 | Диапазон: 2021-08-29 17:50 - 2021-08-30 10:29
2025-08-14 17:51:31 | INFO     | get_historical_data:108 - Загружено 1000 свечей | Общее количество: 1135000 | Диапазон: 2021-09-02 05:10 - 2021-09-02 21:49
2025-08-14 17:51:33 | INFO     | get_historical_data:108 - Загружено 1000 свечей | Общее количество: 1140000 | Диапазон: 2021-09-05 16:30 - 2021-09-06 09:09
2025-08-14 17:51:35 | INFO     | get_historical_data:108 - Загружено 1000 свечей | Общее количество: 1145000 | Диапазон: 2021-09-09 03:50 - 2021-09-09 20:29
2025-08-14 17:51:38 | INFO     | get_historical_data:108 - Загружено 1000 свечей | Общее количество: 1150000 | Диапазон: 2021-09-12 15:10 - 2021-09-13 07:49
2025-08-14 17:51:40 | INFO     | get_historical_data:108 - Загружено 1000 свечей | Общее количество: 1155000 | Диапазон: 2021-09-16 02:30 - 2021-09-16 19:09
2025-08-14 17:51:42 | INFO     | get_historical_data:108 - Загружено 1000 свечей | Общее количество: 1160000 | Диапазон: 2021-09-19 13:50 - 2021-09-20 06:29
2025-08-14 17:51:44 | INFO     | get_historical_data:108 - Загружено 1000 свечей | Общее количество: 1165000 | Диапазон: 2021-09-23 01:10 - 2021-09-23 17:49
2025-08-14 17:51:46 | INFO     | get_historical_data:108 - Загружено 1000 свечей | Общее количество: 1170000 | Диапазон: 2021-09-26 12:30 - 2021-09-27 05:09
2025-08-14 17:51:49 | INFO     | get_historical_data:108 - Загружено 1000 свечей | Общее количество: 1175000 | Диапазон: 2021-09-30 01:50 - 2021-09-30 18:29
2025-08-14 17:51:51 | INFO     | get_historical_data:108 - Загружено 1000 свечей | Общее количество: 1180000 | Диапазон: 2021-10-03 13:10 - 2021-10-04 05:49
2025-08-14 17:51:53 | INFO     | get_historical_data:108 - Загружено 1000 свечей | Общее количество: 1185000 | Диапазон: 2021-10-07 00:30 - 2021-10-07 17:09
2025-08-14 17:51:55 | INFO     | get_historical_data:108 - Загружено 1000 свечей | Общее количество: 1190000 | Диапазон: 2021-10-10 11:50 - 2021-10-11 04:29
2025-08-14 17:51:58 | INFO     | get_historical_data:108 - Загружено 1000 свечей | Общее количество: 1195000 | Диапазон: 2021-10-13 23:10 - 2021-10-14 15:49
2025-08-14 17:52:00 | INFO     | get_historical_data:108 - Загружено 1000 свечей | Общее количество: 1200000 | Диапазон: 2021-10-17 10:30 - 2021-10-18 03:09
2025-08-14 17:52:02 | INFO     | get_historical_data:108 - Загружено 1000 свечей | Общее количество: 1205000 | Диапазон: 2021-10-20 21:50 - 2021-10-21 14:29
2025-08-14 17:52:04 | INFO     | get_historical_data:108 - Загружено 1000 свечей | Общее количество: 1210000 | Диапазон: 2021-10-24 09:10 - 2021-10-25 01:49
2025-08-14 17:52:06 | INFO     | get_historical_data:108 - Загружено 1000 свечей | Общее количество: 1215000 | Диапазон: 2021-10-27 20:30 - 2021-10-28 13:09
2025-08-14 17:52:09 | INFO     | get_historical_data:108 - Загружено 1000 свечей | Общее количество: 1220000 | Диапазон: 2021-10-31 07:50 - 2021-11-01 00:29
2025-08-14 17:52:11 | INFO     | get_historical_data:108 - Загружено 1000 свечей | Общее количество: 1225000 | Диапазон: 2021-11-03 19:10 - 2021-11-04 11:49
2025-08-14 17:52:13 | INFO     | get_historical_data:108 - Загружено 1000 свечей | Общее количество: 1230000 | Диапазон: 2021-11-07 06:30 - 2021-11-07 23:09
2025-08-14 17:52:15 | INFO     | get_historical_data:108 - Загружено 1000 свечей | Общее количество: 1235000 | Диапазон: 2021-11-10 17:50 - 2021-11-11 10:29
2025-08-14 17:52:17 | INFO     | get_historical_data:108 - Загружено 1000 свечей | Общее количество: 1240000 | Диапазон: 2021-11-14 05:10 - 2021-11-14 21:49
2025-08-14 17:52:19 | INFO     | get_historical_data:108 - Загружено 1000 свечей | Общее количество: 1245000 | Диапазон: 2021-11-17 16:30 - 2021-11-18 09:09
2025-08-14 17:52:22 | INFO     | get_historical_data:108 - Загружено 1000 свечей | Общее количество: 1250000 | Диапазон: 2021-11-21 03:50 - 2021-11-21 20:29
2025-08-14 17:52:24 | INFO     | get_historical_data:108 - Загружено 1000 свечей | Общее количество: 1255000 | Диапазон: 2021-11-24 15:10 - 2021-11-25 07:49
2025-08-14 17:52:26 | INFO     | get_historical_data:108 - Загружено 1000 свечей | Общее количество: 1260000 | Диапазон: 2021-11-28 02:30 - 2021-11-28 19:09
2025-08-14 17:52:28 | INFO     | get_historical_data:108 - Загружено 1000 свечей | Общее количество: 1265000 | Диапазон: 2021-12-01 13:50 - 2021-12-02 06:29
2025-08-14 17:52:30 | INFO     | get_historical_data:108 - Загружено 1000 свечей | Общее количество: 1270000 | Диапазон: 2021-12-05 01:10 - 2021-12-05 17:49
2025-08-14 17:52:32 | INFO     | get_historical_data:108 - Загружено 1000 свечей | Общее количество: 1275000 | Диапазон: 2021-12-08 12:30 - 2021-12-09 05:09
2025-08-14 17:52:35 | INFO     | get_historical_data:108 - Загружено 1000 свечей | Общее количество: 1280000 | Диапазон: 2021-12-11 23:50 - 2021-12-12 16:29
2025-08-14 17:52:37 | INFO     | get_historical_data:108 - Загружено 1000 свечей | Общее количество: 1285000 | Диапазон: 2021-12-15 11:10 - 2021-12-16 03:49
2025-08-14 17:52:39 | INFO     | get_historical_data:108 - Загружено 1000 свечей | Общее количество: 1290000 | Диапазон: 2021-12-18 22:30 - 2021-12-19 15:09
2025-08-14 17:52:41 | INFO     | get_historical_data:108 - Загружено 1000 свечей | Общее количество: 1295000 | Диапазон: 2021-12-22 09:50 - 2021-12-23 02:29
2025-08-14 17:52:43 | INFO     | get_historical_data:108 - Загружено 1000 свечей | Общее количество: 1300000 | Диапазон: 2021-12-25 21:10 - 2021-12-26 13:49
2025-08-14 17:52:45 | INFO     | get_historical_data:108 - Загружено 1000 свечей | Общее количество: 1305000 | Диапазон: 2021-12-29 08:30 - 2021-12-30 01:09
2025-08-14 17:52:48 | INFO     | get_historical_data:108 - Загружено 1000 свечей | Общее количество: 1310000 | Диапазон: 2022-01-01 19:50 - 2022-01-02 12:29
2025-08-14 17:52:50 | INFO     | get_historical_data:108 - Загружено 1000 свечей | Общее количество: 1315000 | Диапазон: 2022-01-05 07:10 - 2022-01-05 23:49
2025-08-14 17:52:52 | INFO     | get_historical_data:108 - Загружено 1000 свечей | Общее количество: 1320000 | Диапазон: 2022-01-08 18:30 - 2022-01-09 11:09
2025-08-14 17:52:54 | INFO     | get_historical_data:108 - Загружено 1000 свечей | Общее количество: 1325000 | Диапазон: 2022-01-12 05:50 - 2022-01-12 22:29
2025-08-14 17:52:56 | INFO     | get_historical_data:108 - Загружено 1000 свечей | Общее количество: 1330000 | Диапазон: 2022-01-15 17:10 - 2022-01-16 09:49
2025-08-14 17:52:59 | INFO     | get_historical_data:108 - Загружено 1000 свечей | Общее количество: 1335000 | Диапазон: 2022-01-19 04:30 - 2022-01-19 21:09
2025-08-14 17:53:01 | INFO     | get_historical_data:108 - Загружено 1000 свечей | Общее количество: 1340000 | Диапазон: 2022-01-22 15:50 - 2022-01-23 08:29
2025-08-14 17:53:03 | INFO     | get_historical_data:108 - Загружено 1000 свечей | Общее количество: 1345000 | Диапазон: 2022-01-26 03:10 - 2022-01-26 19:49
2025-08-14 17:53:06 | INFO     | get_historical_data:108 - Загружено 1000 свечей | Общее количество: 1350000 | Диапазон: 2022-01-29 14:30 - 2022-01-30 07:09
2025-08-14 17:53:08 | INFO     | get_historical_data:108 - Загружено 1000 свечей | Общее количество: 1355000 | Диапазон: 2022-02-02 01:50 - 2022-02-02 18:29
2025-08-14 17:53:10 | INFO     | get_historical_data:108 - Загружено 1000 свечей | Общее количество: 1360000 | Диапазон: 2022-02-05 13:10 - 2022-02-06 05:49
2025-08-14 17:53:12 | INFO     | get_historical_data:108 - Загружено 1000 свечей | Общее количество: 1365000 | Диапазон: 2022-02-09 00:30 - 2022-02-09 17:09
2025-08-14 17:53:14 | INFO     | get_historical_data:108 - Загружено 1000 свечей | Общее количество: 1370000 | Диапазон: 2022-02-12 11:50 - 2022-02-13 04:29
2025-08-14 17:53:17 | INFO     | get_historical_data:108 - Загружено 1000 свечей | Общее количество: 1375000 | Диапазон: 2022-02-15 23:10 - 2022-02-16 15:49
2025-08-14 17:53:19 | INFO     | get_historical_data:108 - Загружено 1000 свечей | Общее количество: 1380000 | Диапазон: 2022-02-19 10:30 - 2022-02-20 03:09
2025-08-14 17:53:21 | INFO     | get_historical_data:108 - Загружено 1000 свечей | Общее количество: 1385000 | Диапазон: 2022-02-22 21:50 - 2022-02-23 14:29
2025-08-14 17:53:24 | INFO     | get_historical_data:108 - Загружено 1000 свечей | Общее количество: 1390000 | Диапазон: 2022-02-26 09:10 - 2022-02-27 01:49
2025-08-14 17:53:26 | INFO     | get_historical_data:108 - Загружено 1000 свечей | Общее количество: 1395000 | Диапазон: 2022-03-01 20:30 - 2022-03-02 13:09
2025-08-14 17:53:28 | INFO     | get_historical_data:108 - Загружено 1000 свечей | Общее количество: 1400000 | Диапазон: 2022-03-05 07:50 - 2022-03-06 00:29
2025-08-14 17:53:30 | INFO     | get_historical_data:108 - Загружено 1000 свечей | Общее количество: 1405000 | Диапазон: 2022-03-08 19:10 - 2022-03-09 11:49
2025-08-14 17:53:32 | INFO     | get_historical_data:108 - Загружено 1000 свечей | Общее количество: 1410000 | Диапазон: 2022-03-12 06:30 - 2022-03-12 23:09
2025-08-14 17:53:34 | INFO     | get_historical_data:108 - Загружено 1000 свечей | Общее количество: 1415000 | Диапазон: 2022-03-15 17:50 - 2022-03-16 10:29
2025-08-14 17:53:37 | INFO     | get_historical_data:108 - Загружено 1000 свечей | Общее количество: 1420000 | Диапазон: 2022-03-19 05:10 - 2022-03-19 21:49
2025-08-14 17:53:39 | INFO     | get_historical_data:108 - Загружено 1000 свечей | Общее количество: 1425000 | Диапазон: 2022-03-22 16:30 - 2022-03-23 09:09
2025-08-14 17:53:41 | INFO     | get_historical_data:108 - Загружено 1000 свечей | Общее количество: 1430000 | Диапазон: 2022-03-26 03:50 - 2022-03-26 20:29
2025-08-14 17:53:43 | INFO     | get_historical_data:108 - Загружено 1000 свечей | Общее количество: 1435000 | Диапазон: 2022-03-29 15:10 - 2022-03-30 07:49
2025-08-14 17:53:46 | INFO     | get_historical_data:108 - Загружено 1000 свечей | Общее количество: 1440000 | Диапазон: 2022-04-02 02:30 - 2022-04-02 19:09
2025-08-14 17:53:48 | INFO     | get_historical_data:108 - Загружено 1000 свечей | Общее количество: 1445000 | Диапазон: 2022-04-05 13:50 - 2022-04-06 06:29
2025-08-14 17:53:50 | INFO     | get_historical_data:108 - Загружено 1000 свечей | Общее количество: 1450000 | Диапазон: 2022-04-09 01:10 - 2022-04-09 17:49
2025-08-14 17:53:53 | INFO     | get_historical_data:108 - Загружено 1000 свечей | Общее количество: 1455000 | Диапазон: 2022-04-12 12:30 - 2022-04-13 05:09
2025-08-14 17:53:55 | INFO     | get_historical_data:108 - Загружено 1000 свечей | Общее количество: 1460000 | Диапазон: 2022-04-15 23:50 - 2022-04-16 16:29
2025-08-14 17:53:57 | INFO     | get_historical_data:108 - Загружено 1000 свечей | Общее количество: 1465000 | Диапазон: 2022-04-19 11:10 - 2022-04-20 03:49
2025-08-14 17:53:59 | INFO     | get_historical_data:108 - Загружено 1000 свечей | Общее количество: 1470000 | Диапазон: 2022-04-22 22:30 - 2022-04-23 15:09
2025-08-14 17:54:02 | INFO     | get_historical_data:108 - Загружено 1000 свечей | Общее количество: 1475000 | Диапазон: 2022-04-26 09:50 - 2022-04-27 02:29
2025-08-14 17:54:04 | INFO     | get_historical_data:108 - Загружено 1000 свечей | Общее количество: 1480000 | Диапазон: 2022-04-29 21:10 - 2022-04-30 13:49
2025-08-14 17:54:06 | INFO     | get_historical_data:108 - Загружено 1000 свечей | Общее количество: 1485000 | Диапазон: 2022-05-03 08:30 - 2022-05-04 01:09
2025-08-14 17:54:09 | INFO     | get_historical_data:108 - Загружено 1000 свечей | Общее количество: 1490000 | Диапазон: 2022-05-06 19:50 - 2022-05-07 12:29
2025-08-14 17:54:11 | INFO     | get_historical_data:108 - Загружено 1000 свечей | Общее количество: 1495000 | Диапазон: 2022-05-10 07:10 - 2022-05-10 23:49
2025-08-14 17:54:13 | INFO     | get_historical_data:108 - Загружено 1000 свечей | Общее количество: 1500000 | Диапазон: 2022-05-13 18:30 - 2022-05-14 11:09
2025-08-14 17:54:15 | INFO     | get_historical_data:108 - Загружено 1000 свечей | Общее количество: 1505000 | Диапазон: 2022-05-17 05:50 - 2022-05-17 22:29
2025-08-14 17:54:18 | INFO     | get_historical_data:108 - Загружено 1000 свечей | Общее количество: 1510000 | Диапазон: 2022-05-20 17:10 - 2022-05-21 09:49
2025-08-14 17:54:20 | INFO     | get_historical_data:108 - Загружено 1000 свечей | Общее количество: 1515000 | Диапазон: 2022-05-24 04:30 - 2022-05-24 21:09
2025-08-14 17:54:22 | INFO     | get_historical_data:108 - Загружено 1000 свечей | Общее количество: 1520000 | Диапазон: 2022-05-27 15:50 - 2022-05-28 08:29
2025-08-14 17:54:24 | INFO     | get_historical_data:108 - Загружено 1000 свечей | Общее количество: 1525000 | Диапазон: 2022-05-31 03:10 - 2022-05-31 19:49
2025-08-14 17:54:26 | INFO     | get_historical_data:108 - Загружено 1000 свечей | Общее количество: 1530000 | Диапазон: 2022-06-03 14:30 - 2022-06-04 07:09
2025-08-14 17:54:29 | INFO     | get_historical_data:108 - Загружено 1000 свечей | Общее количество: 1535000 | Диапазон: 2022-06-07 01:50 - 2022-06-07 18:29
2025-08-14 17:54:31 | INFO     | get_historical_data:108 - Загружено 1000 свечей | Общее количество: 1540000 | Диапазон: 2022-06-10 13:10 - 2022-06-11 05:49
2025-08-14 17:54:33 | INFO     | get_historical_data:108 - Загружено 1000 свечей | Общее количество: 1545000 | Диапазон: 2022-06-14 00:30 - 2022-06-14 17:09
2025-08-14 17:54:35 | INFO     | get_historical_data:108 - Загружено 1000 свечей | Общее количество: 1550000 | Диапазон: 2022-06-17 11:50 - 2022-06-18 04:29
2025-08-14 17:54:37 | INFO     | get_historical_data:108 - Загружено 1000 свечей | Общее количество: 1555000 | Диапазон: 2022-06-20 23:10 - 2022-06-21 15:49
2025-08-14 17:54:39 | INFO     | get_historical_data:108 - Загружено 1000 свечей | Общее количество: 1560000 | Диапазон: 2022-06-24 10:30 - 2022-06-25 03:09
2025-08-14 17:54:42 | INFO     | get_historical_data:108 - Загружено 1000 свечей | Общее количество: 1565000 | Диапазон: 2022-06-27 21:50 - 2022-06-28 14:29
2025-08-14 17:54:44 | INFO     | get_historical_data:108 - Загружено 1000 свечей | Общее количество: 1570000 | Диапазон: 2022-07-01 09:10 - 2022-07-02 01:49
2025-08-14 17:54:46 | INFO     | get_historical_data:108 - Загружено 1000 свечей | Общее количество: 1575000 | Диапазон: 2022-07-04 20:30 - 2022-07-05 13:09
2025-08-14 17:54:49 | INFO     | get_historical_data:108 - Загружено 1000 свечей | Общее количество: 1580000 | Диапазон: 2022-07-08 07:50 - 2022-07-09 00:29
2025-08-14 17:54:51 | INFO     | get_historical_data:108 - Загружено 1000 свечей | Общее количество: 1585000 | Диапазон: 2022-07-11 19:10 - 2022-07-12 11:49
2025-08-14 17:54:53 | INFO     | get_historical_data:108 - Загружено 1000 свечей | Общее количество: 1590000 | Диапазон: 2022-07-15 06:30 - 2022-07-15 23:09
2025-08-14 17:54:55 | INFO     | get_historical_data:108 - Загружено 1000 свечей | Общее количество: 1595000 | Диапазон: 2022-07-18 17:50 - 2022-07-19 10:29
2025-08-14 17:54:58 | INFO     | get_historical_data:108 - Загружено 1000 свечей | Общее количество: 1600000 | Диапазон: 2022-07-22 05:10 - 2022-07-22 21:49
2025-08-14 17:55:00 | INFO     | get_historical_data:108 - Загружено 1000 свечей | Общее количество: 1605000 | Диапазон: 2022-07-25 16:30 - 2022-07-26 09:09
2025-08-14 17:55:02 | INFO     | get_historical_data:108 - Загружено 1000 свечей | Общее количество: 1610000 | Диапазон: 2022-07-29 03:50 - 2022-07-29 20:29
2025-08-14 17:55:05 | INFO     | get_historical_data:108 - Загружено 1000 свечей | Общее количество: 1615000 | Диапазон: 2022-08-01 15:10 - 2022-08-02 07:49
2025-08-14 17:55:07 | INFO     | get_historical_data:108 - Загружено 1000 свечей | Общее количество: 1620000 | Диапазон: 2022-08-05 02:30 - 2022-08-05 19:09
2025-08-14 17:55:09 | INFO     | get_historical_data:108 - Загружено 1000 свечей | Общее количество: 1625000 | Диапазон: 2022-08-08 13:50 - 2022-08-09 06:29
2025-08-14 17:55:11 | INFO     | get_historical_data:108 - Загружено 1000 свечей | Общее количество: 1630000 | Диапазон: 2022-08-12 01:10 - 2022-08-12 17:49
2025-08-14 17:55:14 | INFO     | get_historical_data:108 - Загружено 1000 свечей | Общее количество: 1635000 | Диапазон: 2022-08-15 12:30 - 2022-08-16 05:09
2025-08-14 17:55:16 | INFO     | get_historical_data:108 - Загружено 1000 свечей | Общее количество: 1640000 | Диапазон: 2022-08-18 23:50 - 2022-08-19 16:29
2025-08-14 17:55:18 | INFO     | get_historical_data:108 - Загружено 1000 свечей | Общее количество: 1645000 | Диапазон: 2022-08-22 11:10 - 2022-08-23 03:49
2025-08-14 17:55:20 | INFO     | get_historical_data:108 - Загружено 1000 свечей | Общее количество: 1650000 | Диапазон: 2022-08-25 22:30 - 2022-08-26 15:09
2025-08-14 17:55:23 | INFO     | get_historical_data:108 - Загружено 1000 свечей | Общее количество: 1655000 | Диапазон: 2022-08-29 09:50 - 2022-08-30 02:29
2025-08-14 17:55:25 | INFO     | get_historical_data:108 - Загружено 1000 свечей | Общее количество: 1660000 | Диапазон: 2022-09-01 21:10 - 2022-09-02 13:49
2025-08-14 17:55:27 | INFO     | get_historical_data:108 - Загружено 1000 свечей | Общее количество: 1665000 | Диапазон: 2022-09-05 08:30 - 2022-09-06 01:09
2025-08-14 17:55:30 | INFO     | get_historical_data:108 - Загружено 1000 свечей | Общее количество: 1670000 | Диапазон: 2022-09-08 19:50 - 2022-09-09 12:29
2025-08-14 17:55:32 | INFO     | get_historical_data:108 - Загружено 1000 свечей | Общее количество: 1675000 | Диапазон: 2022-09-12 07:10 - 2022-09-12 23:49
2025-08-14 17:55:34 | INFO     | get_historical_data:108 - Загружено 1000 свечей | Общее количество: 1680000 | Диапазон: 2022-09-15 18:30 - 2022-09-16 11:09
2025-08-14 17:55:36 | INFO     | get_historical_data:108 - Загружено 1000 свечей | Общее количество: 1685000 | Диапазон: 2022-09-19 05:50 - 2022-09-19 22:29
2025-08-14 17:55:38 | INFO     | get_historical_data:108 - Загружено 1000 свечей | Общее количество: 1690000 | Диапазон: 2022-09-22 17:10 - 2022-09-23 09:49
2025-08-14 17:55:41 | INFO     | get_historical_data:108 - Загружено 1000 свечей | Общее количество: 1695000 | Диапазон: 2022-09-26 04:30 - 2022-09-26 21:09
2025-08-14 17:55:43 | INFO     | get_historical_data:108 - Загружено 1000 свечей | Общее количество: 1700000 | Диапазон: 2022-09-29 15:50 - 2022-09-30 08:29
2025-08-14 17:55:45 | INFO     | get_historical_data:108 - Загружено 1000 свечей | Общее количество: 1705000 | Диапазон: 2022-10-03 03:10 - 2022-10-03 19:49
2025-08-14 17:55:47 | INFO     | get_historical_data:108 - Загружено 1000 свечей | Общее количество: 1710000 | Диапазон: 2022-10-06 14:30 - 2022-10-07 07:09
2025-08-14 17:55:49 | INFO     | get_historical_data:108 - Загружено 1000 свечей | Общее количество: 1715000 | Диапазон: 2022-10-10 01:50 - 2022-10-10 18:29
2025-08-14 17:55:52 | INFO     | get_historical_data:108 - Загружено 1000 свечей | Общее количество: 1720000 | Диапазон: 2022-10-13 13:10 - 2022-10-14 05:49
2025-08-14 17:55:54 | INFO     | get_historical_data:108 - Загружено 1000 свечей | Общее количество: 1725000 | Диапазон: 2022-10-17 00:30 - 2022-10-17 17:09
2025-08-14 17:55:56 | INFO     | get_historical_data:108 - Загружено 1000 свечей | Общее количество: 1730000 | Диапазон: 2022-10-20 11:50 - 2022-10-21 04:29
2025-08-14 17:55:58 | INFO     | get_historical_data:108 - Загружено 1000 свечей | Общее количество: 1735000 | Диапазон: 2022-10-23 23:10 - 2022-10-24 15:49
2025-08-14 17:56:01 | INFO     | get_historical_data:108 - Загружено 1000 свечей | Общее количество: 1740000 | Диапазон: 2022-10-27 10:30 - 2022-10-28 03:09
2025-08-14 17:56:03 | INFO     | get_historical_data:108 - Загружено 1000 свечей | Общее количество: 1745000 | Диапазон: 2022-10-30 21:50 - 2022-10-31 14:29
2025-08-14 17:56:06 | INFO     | get_historical_data:108 - Загружено 1000 свечей | Общее количество: 1750000 | Диапазон: 2022-11-03 09:10 - 2022-11-04 01:49
2025-08-14 17:56:08 | INFO     | get_historical_data:108 - Загружено 1000 свечей | Общее количество: 1755000 | Диапазон: 2022-11-06 20:30 - 2022-11-07 13:09
2025-08-14 17:56:11 | INFO     | get_historical_data:108 - Загружено 1000 свечей | Общее количество: 1760000 | Диапазон: 2022-11-10 07:50 - 2022-11-11 00:29
2025-08-14 17:56:13 | INFO     | get_historical_data:108 - Загружено 1000 свечей | Общее количество: 1765000 | Диапазон: 2022-11-13 19:10 - 2022-11-14 11:49
2025-08-14 17:56:15 | INFO     | get_historical_data:108 - Загружено 1000 свечей | Общее количество: 1770000 | Диапазон: 2022-11-17 06:30 - 2022-11-17 23:09
2025-08-14 17:56:17 | INFO     | get_historical_data:108 - Загружено 1000 свечей | Общее количество: 1775000 | Диапазон: 2022-11-20 17:50 - 2022-11-21 10:29
2025-08-14 17:56:20 | INFO     | get_historical_data:108 - Загружено 1000 свечей | Общее количество: 1780000 | Диапазон: 2022-11-24 05:10 - 2022-11-24 21:49
2025-08-14 17:56:22 | INFO     | get_historical_data:108 - Загружено 1000 свечей | Общее количество: 1785000 | Диапазон: 2022-11-27 16:30 - 2022-11-28 09:09
2025-08-14 17:56:24 | INFO     | get_historical_data:108 - Загружено 1000 свечей | Общее количество: 1790000 | Диапазон: 2022-12-01 03:50 - 2022-12-01 20:29
2025-08-14 17:56:26 | INFO     | get_historical_data:108 - Загружено 1000 свечей | Общее количество: 1795000 | Диапазон: 2022-12-04 15:10 - 2022-12-05 07:49
2025-08-14 17:56:29 | INFO     | get_historical_data:108 - Загружено 1000 свечей | Общее количество: 1800000 | Диапазон: 2022-12-08 02:30 - 2022-12-08 19:09
2025-08-14 17:56:31 | INFO     | get_historical_data:108 - Загружено 1000 свечей | Общее количество: 1805000 | Диапазон: 2022-12-11 13:50 - 2022-12-12 06:29
2025-08-14 17:56:33 | INFO     | get_historical_data:108 - Загружено 1000 свечей | Общее количество: 1810000 | Диапазон: 2022-12-15 01:10 - 2022-12-15 17:49
2025-08-14 17:56:35 | INFO     | get_historical_data:108 - Загружено 1000 свечей | Общее количество: 1815000 | Диапазон: 2022-12-18 12:30 - 2022-12-19 05:09
2025-08-14 17:56:38 | INFO     | get_historical_data:108 - Загружено 1000 свечей | Общее количество: 1820000 | Диапазон: 2022-12-21 23:50 - 2022-12-22 16:29
2025-08-14 17:56:40 | INFO     | get_historical_data:108 - Загружено 1000 свечей | Общее количество: 1825000 | Диапазон: 2022-12-25 11:10 - 2022-12-26 03:49
2025-08-14 17:56:42 | INFO     | get_historical_data:108 - Загружено 1000 свечей | Общее количество: 1830000 | Диапазон: 2022-12-28 22:30 - 2022-12-29 15:09
2025-08-14 17:56:44 | INFO     | get_historical_data:108 - Загружено 1000 свечей | Общее количество: 1835000 | Диапазон: 2023-01-01 09:50 - 2023-01-02 02:29
2025-08-14 17:56:46 | INFO     | get_historical_data:108 - Загружено 1000 свечей | Общее количество: 1840000 | Диапазон: 2023-01-04 21:10 - 2023-01-05 13:49
2025-08-14 17:56:49 | INFO     | get_historical_data:108 - Загружено 1000 свечей | Общее количество: 1845000 | Диапазон: 2023-01-08 08:30 - 2023-01-09 01:09
2025-08-14 17:56:52 | INFO     | get_historical_data:108 - Загружено 1000 свечей | Общее количество: 1850000 | Диапазон: 2023-01-11 19:50 - 2023-01-12 12:29
2025-08-14 17:56:54 | INFO     | get_historical_data:108 - Загружено 1000 свечей | Общее количество: 1855000 | Диапазон: 2023-01-15 07:10 - 2023-01-15 23:49
2025-08-14 17:56:56 | INFO     | get_historical_data:108 - Загружено 1000 свечей | Общее количество: 1860000 | Диапазон: 2023-01-18 18:30 - 2023-01-19 11:09
2025-08-14 17:56:59 | INFO     | get_historical_data:108 - Загружено 1000 свечей | Общее количество: 1865000 | Диапазон: 2023-01-22 05:50 - 2023-01-22 22:29
2025-08-14 17:57:01 | INFO     | get_historical_data:108 - Загружено 1000 свечей | Общее количество: 1870000 | Диапазон: 2023-01-25 17:10 - 2023-01-26 09:49
2025-08-14 17:57:03 | INFO     | get_historical_data:108 - Загружено 1000 свечей | Общее количество: 1875000 | Диапазон: 2023-01-29 04:30 - 2023-01-29 21:09
2025-08-14 17:57:05 | INFO     | get_historical_data:108 - Загружено 1000 свечей | Общее количество: 1880000 | Диапазон: 2023-02-01 15:50 - 2023-02-02 08:29
2025-08-14 17:57:08 | INFO     | get_historical_data:108 - Загружено 1000 свечей | Общее количество: 1885000 | Диапазон: 2023-02-05 03:10 - 2023-02-05 19:49
2025-08-14 17:57:10 | INFO     | get_historical_data:108 - Загружено 1000 свечей | Общее количество: 1890000 | Диапазон: 2023-02-08 14:30 - 2023-02-09 07:09
2025-08-14 17:57:12 | INFO     | get_historical_data:108 - Загружено 1000 свечей | Общее количество: 1895000 | Диапазон: 2023-02-12 01:50 - 2023-02-12 18:29
2025-08-14 17:57:14 | INFO     | get_historical_data:108 - Загружено 1000 свечей | Общее количество: 1900000 | Диапазон: 2023-02-15 13:10 - 2023-02-16 05:49
2025-08-14 17:57:17 | INFO     | get_historical_data:108 - Загружено 1000 свечей | Общее количество: 1905000 | Диапазон: 2023-02-19 00:30 - 2023-02-19 17:09
2025-08-14 17:57:19 | INFO     | get_historical_data:108 - Загружено 1000 свечей | Общее количество: 1910000 | Диапазон: 2023-02-22 11:50 - 2023-02-23 04:29
2025-08-14 17:57:21 | INFO     | get_historical_data:108 - Загружено 1000 свечей | Общее количество: 1915000 | Диапазон: 2023-02-25 23:10 - 2023-02-26 15:49
2025-08-14 17:57:23 | INFO     | get_historical_data:108 - Загружено 1000 свечей | Общее количество: 1920000 | Диапазон: 2023-03-01 10:30 - 2023-03-02 03:09
2025-08-14 17:57:25 | INFO     | get_historical_data:108 - Загружено 1000 свечей | Общее количество: 1925000 | Диапазон: 2023-03-04 21:50 - 2023-03-05 14:29
2025-08-14 17:57:27 | INFO     | get_historical_data:108 - Загружено 1000 свечей | Общее количество: 1930000 | Диапазон: 2023-03-08 09:10 - 2023-03-09 01:49
2025-08-14 17:57:30 | INFO     | get_historical_data:108 - Загружено 1000 свечей | Общее количество: 1935000 | Диапазон: 2023-03-11 20:30 - 2023-03-12 13:09
2025-08-14 17:57:32 | INFO     | get_historical_data:108 - Загружено 1000 свечей | Общее количество: 1940000 | Диапазон: 2023-03-15 07:50 - 2023-03-16 00:29
2025-08-14 17:57:34 | INFO     | get_historical_data:108 - Загружено 1000 свечей | Общее количество: 1945000 | Диапазон: 2023-03-18 19:10 - 2023-03-19 11:49
2025-08-14 17:57:36 | INFO     | get_historical_data:108 - Загружено 1000 свечей | Общее количество: 1950000 | Диапазон: 2023-03-22 06:30 - 2023-03-22 23:09
2025-08-14 17:57:39 | INFO     | get_historical_data:108 - Загружено 1000 свечей | Общее количество: 1955000 | Диапазон: 2023-03-25 19:10 - 2023-03-26 11:49
2025-08-14 17:57:41 | INFO     | get_historical_data:108 - Загружено 1000 свечей | Общее количество: 1960000 | Диапазон: 2023-03-29 06:30 - 2023-03-29 23:09
2025-08-14 17:57:43 | INFO     | get_historical_data:108 - Загружено 1000 свечей | Общее количество: 1965000 | Диапазон: 2023-04-01 17:50 - 2023-04-02 10:29
2025-08-14 17:57:45 | INFO     | get_historical_data:108 - Загружено 1000 свечей | Общее количество: 1970000 | Диапазон: 2023-04-05 05:10 - 2023-04-05 21:49
2025-08-14 17:57:48 | INFO     | get_historical_data:108 - Загружено 1000 свечей | Общее количество: 1975000 | Диапазон: 2023-04-08 16:30 - 2023-04-09 09:09
2025-08-14 17:57:50 | INFO     | get_historical_data:108 - Загружено 1000 свечей | Общее количество: 1980000 | Диапазон: 2023-04-12 03:50 - 2023-04-12 20:29
2025-08-14 17:57:52 | INFO     | get_historical_data:108 - Загружено 1000 свечей | Общее количество: 1985000 | Диапазон: 2023-04-15 15:10 - 2023-04-16 07:49
2025-08-14 17:57:54 | INFO     | get_historical_data:108 - Загружено 1000 свечей | Общее количество: 1990000 | Диапазон: 2023-04-19 02:30 - 2023-04-19 19:09
2025-08-14 17:57:56 | INFO     | get_historical_data:108 - Загружено 1000 свечей | Общее количество: 1995000 | Диапазон: 2023-04-22 13:50 - 2023-04-23 06:29
2025-08-14 17:57:58 | INFO     | get_historical_data:108 - Загружено 1000 свечей | Общее количество: 2000000 | Диапазон: 2023-04-26 01:10 - 2023-04-26 17:49
2025-08-14 17:58:01 | INFO     | get_historical_data:108 - Загружено 1000 свечей | Общее количество: 2005000 | Диапазон: 2023-04-29 12:30 - 2023-04-30 05:09
2025-08-14 17:58:03 | INFO     | get_historical_data:108 - Загружено 1000 свечей | Общее количество: 2010000 | Диапазон: 2023-05-02 23:50 - 2023-05-03 16:29
2025-08-14 17:58:05 | INFO     | get_historical_data:108 - Загружено 1000 свечей | Общее количество: 2015000 | Диапазон: 2023-05-06 11:10 - 2023-05-07 03:49
2025-08-14 17:58:08 | INFO     | get_historical_data:108 - Загружено 1000 свечей | Общее количество: 2020000 | Диапазон: 2023-05-09 22:30 - 2023-05-10 15:09
2025-08-14 17:58:10 | INFO     | get_historical_data:108 - Загружено 1000 свечей | Общее количество: 2025000 | Диапазон: 2023-05-13 09:50 - 2023-05-14 02:29
2025-08-14 17:58:13 | INFO     | get_historical_data:108 - Загружено 1000 свечей | Общее количество: 2030000 | Диапазон: 2023-05-16 21:10 - 2023-05-17 13:49
2025-08-14 17:58:15 | INFO     | get_historical_data:108 - Загружено 1000 свечей | Общее количество: 2035000 | Диапазон: 2023-05-20 08:30 - 2023-05-21 01:09
2025-08-14 17:58:17 | INFO     | get_historical_data:108 - Загружено 1000 свечей | Общее количество: 2040000 | Диапазон: 2023-05-23 19:50 - 2023-05-24 12:29
2025-08-14 17:58:19 | INFO     | get_historical_data:108 - Загружено 1000 свечей | Общее количество: 2045000 | Диапазон: 2023-05-27 07:10 - 2023-05-27 23:49
2025-08-14 17:58:21 | INFO     | get_historical_data:108 - Загружено 1000 свечей | Общее количество: 2050000 | Диапазон: 2023-05-30 18:30 - 2023-05-31 11:09
2025-08-14 17:58:23 | INFO     | get_historical_data:108 - Загружено 1000 свечей | Общее количество: 2055000 | Диапазон: 2023-06-03 05:50 - 2023-06-03 22:29
2025-08-14 17:58:26 | INFO     | get_historical_data:108 - Загружено 1000 свечей | Общее количество: 2060000 | Диапазон: 2023-06-06 17:10 - 2023-06-07 09:49
2025-08-14 17:58:28 | INFO     | get_historical_data:108 - Загружено 1000 свечей | Общее количество: 2065000 | Диапазон: 2023-06-10 04:30 - 2023-06-10 21:09
2025-08-14 17:58:30 | INFO     | get_historical_data:108 - Загружено 1000 свечей | Общее количество: 2070000 | Диапазон: 2023-06-13 15:50 - 2023-06-14 08:29
2025-08-14 17:58:32 | INFO     | get_historical_data:108 - Загружено 1000 свечей | Общее количество: 2075000 | Диапазон: 2023-06-17 03:10 - 2023-06-17 19:49
2025-08-14 17:58:34 | INFO     | get_historical_data:108 - Загружено 1000 свечей | Общее количество: 2080000 | Диапазон: 2023-06-20 14:30 - 2023-06-21 07:09
2025-08-14 17:58:36 | INFO     | get_historical_data:108 - Загружено 1000 свечей | Общее количество: 2085000 | Диапазон: 2023-06-24 01:50 - 2023-06-24 18:29
2025-08-14 17:58:38 | INFO     | get_historical_data:108 - Загружено 1000 свечей | Общее количество: 2090000 | Диапазон: 2023-06-27 13:10 - 2023-06-28 05:49
2025-08-14 17:58:41 | INFO     | get_historical_data:108 - Загружено 1000 свечей | Общее количество: 2095000 | Диапазон: 2023-07-01 00:30 - 2023-07-01 17:09
2025-08-14 17:58:43 | INFO     | get_historical_data:108 - Загружено 1000 свечей | Общее количество: 2100000 | Диапазон: 2023-07-04 11:50 - 2023-07-05 04:29
2025-08-14 17:58:45 | INFO     | get_historical_data:108 - Загружено 1000 свечей | Общее количество: 2105000 | Диапазон: 2023-07-07 23:10 - 2023-07-08 15:49
2025-08-14 17:58:47 | INFO     | get_historical_data:108 - Загружено 1000 свечей | Общее количество: 2110000 | Диапазон: 2023-07-11 10:30 - 2023-07-12 03:09
2025-08-14 17:58:49 | INFO     | get_historical_data:108 - Загружено 1000 свечей | Общее количество: 2115000 | Диапазон: 2023-07-14 21:50 - 2023-07-15 14:29
2025-08-14 17:58:52 | INFO     | get_historical_data:108 - Загружено 1000 свечей | Общее количество: 2120000 | Диапазон: 2023-07-18 09:10 - 2023-07-19 01:49
2025-08-14 17:58:54 | INFO     | get_historical_data:108 - Загружено 1000 свечей | Общее количество: 2125000 | Диапазон: 2023-07-21 20:30 - 2023-07-22 13:09
2025-08-14 17:58:56 | INFO     | get_historical_data:108 - Загружено 1000 свечей | Общее количество: 2130000 | Диапазон: 2023-07-25 07:50 - 2023-07-26 00:29
2025-08-14 17:58:58 | INFO     | get_historical_data:108 - Загружено 1000 свечей | Общее количество: 2135000 | Диапазон: 2023-07-28 19:10 - 2023-07-29 11:49
2025-08-14 17:59:01 | INFO     | get_historical_data:108 - Загружено 1000 свечей | Общее количество: 2140000 | Диапазон: 2023-08-01 06:30 - 2023-08-01 23:09
2025-08-14 17:59:04 | INFO     | get_historical_data:108 - Загружено 1000 свечей | Общее количество: 2145000 | Диапазон: 2023-08-04 17:50 - 2023-08-05 10:29
2025-08-14 17:59:06 | INFO     | get_historical_data:108 - Загружено 1000 свечей | Общее количество: 2150000 | Диапазон: 2023-08-08 05:10 - 2023-08-08 21:49
2025-08-14 17:59:09 | INFO     | get_historical_data:108 - Загружено 1000 свечей | Общее количество: 2155000 | Диапазон: 2023-08-11 16:30 - 2023-08-12 09:09
2025-08-14 17:59:11 | INFO     | get_historical_data:108 - Загружено 1000 свечей | Общее количество: 2160000 | Диапазон: 2023-08-15 03:50 - 2023-08-15 20:29
2025-08-14 17:59:14 | INFO     | get_historical_data:108 - Загружено 1000 свечей | Общее количество: 2165000 | Диапазон: 2023-08-18 15:10 - 2023-08-19 07:49
2025-08-14 17:59:17 | INFO     | get_historical_data:108 - Загружено 1000 свечей | Общее количество: 2170000 | Диапазон: 2023-08-22 02:30 - 2023-08-22 19:09
2025-08-14 17:59:19 | INFO     | get_historical_data:108 - Загружено 1000 свечей | Общее количество: 2175000 | Диапазон: 2023-08-25 13:50 - 2023-08-26 06:29
2025-08-14 17:59:21 | INFO     | get_historical_data:108 - Загружено 1000 свечей | Общее количество: 2180000 | Диапазон: 2023-08-29 01:10 - 2023-08-29 17:49
2025-08-14 17:59:23 | INFO     | get_historical_data:108 - Загружено 1000 свечей | Общее количество: 2185000 | Диапазон: 2023-09-01 12:30 - 2023-09-02 05:09
2025-08-14 17:59:26 | INFO     | get_historical_data:108 - Загружено 1000 свечей | Общее количество: 2190000 | Диапазон: 2023-09-04 23:50 - 2023-09-05 16:29
2025-08-14 17:59:28 | INFO     | get_historical_data:108 - Загружено 1000 свечей | Общее количество: 2195000 | Диапазон: 2023-09-08 11:10 - 2023-09-09 03:49
2025-08-14 17:59:30 | INFO     | get_historical_data:108 - Загружено 1000 свечей | Общее количество: 2200000 | Диапазон: 2023-09-11 22:30 - 2023-09-12 15:09
2025-08-14 17:59:32 | INFO     | get_historical_data:108 - Загружено 1000 свечей | Общее количество: 2205000 | Диапазон: 2023-09-15 09:50 - 2023-09-16 02:29
2025-08-14 17:59:34 | INFO     | get_historical_data:108 - Загружено 1000 свечей | Общее количество: 2210000 | Диапазон: 2023-09-18 21:10 - 2023-09-19 13:49
2025-08-14 17:59:37 | INFO     | get_historical_data:108 - Загружено 1000 свечей | Общее количество: 2215000 | Диапазон: 2023-09-22 08:30 - 2023-09-23 01:09
2025-08-14 17:59:39 | INFO     | get_historical_data:108 - Загружено 1000 свечей | Общее количество: 2220000 | Диапазон: 2023-09-25 19:50 - 2023-09-26 12:29
2025-08-14 17:59:41 | INFO     | get_historical_data:108 - Загружено 1000 свечей | Общее количество: 2225000 | Диапазон: 2023-09-29 07:10 - 2023-09-29 23:49
2025-08-14 17:59:44 | INFO     | get_historical_data:108 - Загружено 1000 свечей | Общее количество: 2230000 | Диапазон: 2023-10-02 18:30 - 2023-10-03 11:09
2025-08-14 17:59:46 | INFO     | get_historical_data:108 - Загружено 1000 свечей | Общее количество: 2235000 | Диапазон: 2023-10-06 05:50 - 2023-10-06 22:29
2025-08-14 17:59:49 | INFO     | get_historical_data:108 - Загружено 1000 свечей | Общее количество: 2240000 | Диапазон: 2023-10-09 17:10 - 2023-10-10 09:49
2025-08-14 17:59:51 | INFO     | get_historical_data:108 - Загружено 1000 свечей | Общее количество: 2245000 | Диапазон: 2023-10-13 04:30 - 2023-10-13 21:09
2025-08-14 17:59:53 | INFO     | get_historical_data:108 - Загружено 1000 свечей | Общее количество: 2250000 | Диапазон: 2023-10-16 15:50 - 2023-10-17 08:29
2025-08-14 17:59:55 | INFO     | get_historical_data:108 - Загружено 1000 свечей | Общее количество: 2255000 | Диапазон: 2023-10-20 03:10 - 2023-10-20 19:49
2025-08-14 17:59:57 | INFO     | get_historical_data:108 - Загружено 1000 свечей | Общее количество: 2260000 | Диапазон: 2023-10-23 14:30 - 2023-10-24 07:09
2025-08-14 18:00:00 | INFO     | get_historical_data:108 - Загружено 1000 свечей | Общее количество: 2265000 | Диапазон: 2023-10-27 01:50 - 2023-10-27 18:29
2025-08-14 18:00:04 | INFO     | get_historical_data:108 - Загружено 1000 свечей | Общее количество: 2270000 | Диапазон: 2023-10-30 13:10 - 2023-10-31 05:49
2025-08-14 18:00:07 | INFO     | get_historical_data:108 - Загружено 1000 свечей | Общее количество: 2275000 | Диапазон: 2023-11-03 00:30 - 2023-11-03 17:09
2025-08-14 18:00:10 | INFO     | get_historical_data:108 - Загружено 1000 свечей | Общее количество: 2280000 | Диапазон: 2023-11-06 11:50 - 2023-11-07 04:29
2025-08-14 18:00:13 | INFO     | get_historical_data:108 - Загружено 1000 свечей | Общее количество: 2285000 | Диапазон: 2023-11-09 23:10 - 2023-11-10 15:49
2025-08-14 18:00:16 | INFO     | get_historical_data:108 - Загружено 1000 свечей | Общее количество: 2290000 | Диапазон: 2023-11-13 10:30 - 2023-11-14 03:09
2025-08-14 18:00:19 | INFO     | get_historical_data:108 - Загружено 1000 свечей | Общее количество: 2295000 | Диапазон: 2023-11-16 21:50 - 2023-11-17 14:29
2025-08-14 18:00:22 | INFO     | get_historical_data:108 - Загружено 1000 свечей | Общее количество: 2300000 | Диапазон: 2023-11-20 09:10 - 2023-11-21 01:49
2025-08-14 18:00:24 | INFO     | get_historical_data:108 - Загружено 1000 свечей | Общее количество: 2305000 | Диапазон: 2023-11-23 20:30 - 2023-11-24 13:09
2025-08-14 18:00:27 | INFO     | get_historical_data:108 - Загружено 1000 свечей | Общее количество: 2310000 | Диапазон: 2023-11-27 07:50 - 2023-11-28 00:29
2025-08-14 18:00:29 | INFO     | get_historical_data:108 - Загружено 1000 свечей | Общее количество: 2315000 | Диапазон: 2023-11-30 19:10 - 2023-12-01 11:49
2025-08-14 18:00:32 | INFO     | get_historical_data:108 - Загружено 1000 свечей | Общее количество: 2320000 | Диапазон: 2023-12-04 06:30 - 2023-12-04 23:09
2025-08-14 18:00:34 | INFO     | get_historical_data:108 - Загружено 1000 свечей | Общее количество: 2325000 | Диапазон: 2023-12-07 17:50 - 2023-12-08 10:29
2025-08-14 18:00:37 | INFO     | get_historical_data:108 - Загружено 1000 свечей | Общее количество: 2330000 | Диапазон: 2023-12-11 05:10 - 2023-12-11 21:49
2025-08-14 18:00:39 | INFO     | get_historical_data:108 - Загружено 1000 свечей | Общее количество: 2335000 | Диапазон: 2023-12-14 16:30 - 2023-12-15 09:09
2025-08-14 18:00:42 | INFO     | get_historical_data:108 - Загружено 1000 свечей | Общее количество: 2340000 | Диапазон: 2023-12-18 03:50 - 2023-12-18 20:29
2025-08-14 18:00:45 | INFO     | get_historical_data:108 - Загружено 1000 свечей | Общее количество: 2345000 | Диапазон: 2023-12-21 15:10 - 2023-12-22 07:49
2025-08-14 18:00:47 | INFO     | get_historical_data:108 - Загружено 1000 свечей | Общее количество: 2350000 | Диапазон: 2023-12-25 02:30 - 2023-12-25 19:09
2025-08-14 18:00:49 | INFO     | get_historical_data:108 - Загружено 1000 свечей | Общее количество: 2355000 | Диапазон: 2023-12-28 13:50 - 2023-12-29 06:29
2025-08-14 18:00:52 | INFO     | get_historical_data:108 - Загружено 1000 свечей | Общее количество: 2360000 | Диапазон: 2024-01-01 01:10 - 2024-01-01 17:49
2025-08-14 18:00:54 | INFO     | get_historical_data:108 - Загружено 1000 свечей | Общее количество: 2365000 | Диапазон: 2024-01-04 12:30 - 2024-01-05 05:09
2025-08-14 18:00:56 | INFO     | get_historical_data:108 - Загружено 1000 свечей | Общее количество: 2370000 | Диапазон: 2024-01-07 23:50 - 2024-01-08 16:29
2025-08-14 18:00:58 | INFO     | get_historical_data:108 - Загружено 1000 свечей | Общее количество: 2375000 | Диапазон: 2024-01-11 11:10 - 2024-01-12 03:49
2025-08-14 18:01:01 | INFO     | get_historical_data:108 - Загружено 1000 свечей | Общее количество: 2380000 | Диапазон: 2024-01-14 22:30 - 2024-01-15 15:09
2025-08-14 18:01:03 | INFO     | get_historical_data:108 - Загружено 1000 свечей | Общее количество: 2385000 | Диапазон: 2024-01-18 09:50 - 2024-01-19 02:29
2025-08-14 18:01:05 | INFO     | get_historical_data:108 - Загружено 1000 свечей | Общее количество: 2390000 | Диапазон: 2024-01-21 21:10 - 2024-01-22 13:49
2025-08-14 18:01:08 | INFO     | get_historical_data:108 - Загружено 1000 свечей | Общее количество: 2395000 | Диапазон: 2024-01-25 08:30 - 2024-01-26 01:09
2025-08-14 18:01:10 | INFO     | get_historical_data:108 - Загружено 1000 свечей | Общее количество: 2400000 | Диапазон: 2024-01-28 19:50 - 2024-01-29 12:29
2025-08-14 18:01:12 | INFO     | get_historical_data:108 - Загружено 1000 свечей | Общее количество: 2405000 | Диапазон: 2024-02-01 07:10 - 2024-02-01 23:49
2025-08-14 18:01:14 | INFO     | get_historical_data:108 - Загружено 1000 свечей | Общее количество: 2410000 | Диапазон: 2024-02-04 18:30 - 2024-02-05 11:09
2025-08-14 18:01:16 | INFO     | get_historical_data:108 - Загружено 1000 свечей | Общее количество: 2415000 | Диапазон: 2024-02-08 05:50 - 2024-02-08 22:29
2025-08-14 18:01:19 | INFO     | get_historical_data:108 - Загружено 1000 свечей | Общее количество: 2420000 | Диапазон: 2024-02-11 17:10 - 2024-02-12 09:49
2025-08-14 18:01:21 | INFO     | get_historical_data:108 - Загружено 1000 свечей | Общее количество: 2425000 | Диапазон: 2024-02-15 04:30 - 2024-02-15 21:09
2025-08-14 18:01:23 | INFO     | get_historical_data:108 - Загружено 1000 свечей | Общее количество: 2430000 | Диапазон: 2024-02-18 15:50 - 2024-02-19 08:29
2025-08-14 18:01:26 | INFO     | get_historical_data:108 - Загружено 1000 свечей | Общее количество: 2435000 | Диапазон: 2024-02-22 03:10 - 2024-02-22 19:49
2025-08-14 18:01:28 | INFO     | get_historical_data:108 - Загружено 1000 свечей | Общее количество: 2440000 | Диапазон: 2024-02-25 14:30 - 2024-02-26 07:09
2025-08-14 18:01:30 | INFO     | get_historical_data:108 - Загружено 1000 свечей | Общее количество: 2445000 | Диапазон: 2024-02-29 01:50 - 2024-02-29 18:29
2025-08-14 18:01:33 | INFO     | get_historical_data:108 - Загружено 1000 свечей | Общее количество: 2450000 | Диапазон: 2024-03-03 13:10 - 2024-03-04 05:49
2025-08-14 18:01:35 | INFO     | get_historical_data:108 - Загружено 1000 свечей | Общее количество: 2455000 | Диапазон: 2024-03-07 00:30 - 2024-03-07 17:09
2025-08-14 18:01:38 | INFO     | get_historical_data:108 - Загружено 1000 свечей | Общее количество: 2460000 | Диапазон: 2024-03-10 11:50 - 2024-03-11 04:29
2025-08-14 18:01:40 | INFO     | get_historical_data:108 - Загружено 1000 свечей | Общее количество: 2465000 | Диапазон: 2024-03-13 23:10 - 2024-03-14 15:49
2025-08-14 18:01:42 | INFO     | get_historical_data:108 - Загружено 1000 свечей | Общее количество: 2470000 | Диапазон: 2024-03-17 10:30 - 2024-03-18 03:09
2025-08-14 18:01:44 | INFO     | get_historical_data:108 - Загружено 1000 свечей | Общее количество: 2475000 | Диапазон: 2024-03-20 21:50 - 2024-03-21 14:29
2025-08-14 18:01:47 | INFO     | get_historical_data:108 - Загружено 1000 свечей | Общее количество: 2480000 | Диапазон: 2024-03-24 09:10 - 2024-03-25 01:49
2025-08-14 18:01:49 | INFO     | get_historical_data:108 - Загружено 1000 свечей | Общее количество: 2485000 | Диапазон: 2024-03-27 20:30 - 2024-03-28 13:09
2025-08-14 18:01:52 | INFO     | get_historical_data:108 - Загружено 1000 свечей | Общее количество: 2490000 | Диапазон: 2024-03-31 07:50 - 2024-04-01 00:29
2025-08-14 18:01:54 | INFO     | get_historical_data:108 - Загружено 1000 свечей | Общее количество: 2495000 | Диапазон: 2024-04-03 19:10 - 2024-04-04 11:49
2025-08-14 18:01:56 | INFO     | get_historical_data:108 - Загружено 1000 свечей | Общее количество: 2500000 | Диапазон: 2024-04-07 06:30 - 2024-04-07 23:09
2025-08-14 18:01:58 | INFO     | get_historical_data:108 - Загружено 1000 свечей | Общее количество: 2505000 | Диапазон: 2024-04-10 17:50 - 2024-04-11 10:29
2025-08-14 18:02:00 | INFO     | get_historical_data:108 - Загружено 1000 свечей | Общее количество: 2510000 | Диапазон: 2024-04-14 05:10 - 2024-04-14 21:49
2025-08-14 18:02:02 | INFO     | get_historical_data:108 - Загружено 1000 свечей | Общее количество: 2515000 | Диапазон: 2024-04-17 16:30 - 2024-04-18 09:09
2025-08-14 18:02:05 | INFO     | get_historical_data:108 - Загружено 1000 свечей | Общее количество: 2520000 | Диапазон: 2024-04-21 03:50 - 2024-04-21 20:29
2025-08-14 18:02:07 | INFO     | get_historical_data:108 - Загружено 1000 свечей | Общее количество: 2525000 | Диапазон: 2024-04-24 15:10 - 2024-04-25 07:49
2025-08-14 18:02:09 | INFO     | get_historical_data:108 - Загружено 1000 свечей | Общее количество: 2530000 | Диапазон: 2024-04-28 02:30 - 2024-04-28 19:09
2025-08-14 18:02:11 | INFO     | get_historical_data:108 - Загружено 1000 свечей | Общее количество: 2535000 | Диапазон: 2024-05-01 13:50 - 2024-05-02 06:29
2025-08-14 18:02:13 | INFO     | get_historical_data:108 - Загружено 1000 свечей | Общее количество: 2540000 | Диапазон: 2024-05-05 01:10 - 2024-05-05 17:49
2025-08-14 18:02:16 | INFO     | get_historical_data:108 - Загружено 1000 свечей | Общее количество: 2545000 | Диапазон: 2024-05-08 12:30 - 2024-05-09 05:09
2025-08-14 18:02:18 | INFO     | get_historical_data:108 - Загружено 1000 свечей | Общее количество: 2550000 | Диапазон: 2024-05-11 23:50 - 2024-05-12 16:29
2025-08-14 18:02:20 | INFO     | get_historical_data:108 - Загружено 1000 свечей | Общее количество: 2555000 | Диапазон: 2024-05-15 11:10 - 2024-05-16 03:49
2025-08-14 18:02:22 | INFO     | get_historical_data:108 - Загружено 1000 свечей | Общее количество: 2560000 | Диапазон: 2024-05-18 22:30 - 2024-05-19 15:09
2025-08-14 18:02:25 | INFO     | get_historical_data:108 - Загружено 1000 свечей | Общее количество: 2565000 | Диапазон: 2024-05-22 09:50 - 2024-05-23 02:29
2025-08-14 18:02:27 | INFO     | get_historical_data:108 - Загружено 1000 свечей | Общее количество: 2570000 | Диапазон: 2024-05-25 21:10 - 2024-05-26 13:49
2025-08-14 18:02:30 | INFO     | get_historical_data:108 - Загружено 1000 свечей | Общее количество: 2575000 | Диапазон: 2024-05-29 08:30 - 2024-05-30 01:09
2025-08-14 18:02:32 | INFO     | get_historical_data:108 - Загружено 1000 свечей | Общее количество: 2580000 | Диапазон: 2024-06-01 19:50 - 2024-06-02 12:29
2025-08-14 18:02:34 | INFO     | get_historical_data:108 - Загружено 1000 свечей | Общее количество: 2585000 | Диапазон: 2024-06-05 07:10 - 2024-06-05 23:49
2025-08-14 18:02:36 | INFO     | get_historical_data:108 - Загружено 1000 свечей | Общее количество: 2590000 | Диапазон: 2024-06-08 18:30 - 2024-06-09 11:09
2025-08-14 18:02:38 | INFO     | get_historical_data:108 - Загружено 1000 свечей | Общее количество: 2595000 | Диапазон: 2024-06-12 05:50 - 2024-06-12 22:29
2025-08-14 18:02:40 | INFO     | get_historical_data:108 - Загружено 1000 свечей | Общее количество: 2600000 | Диапазон: 2024-06-15 17:10 - 2024-06-16 09:49
2025-08-14 18:02:43 | INFO     | get_historical_data:108 - Загружено 1000 свечей | Общее количество: 2605000 | Диапазон: 2024-06-19 04:30 - 2024-06-19 21:09
2025-08-14 18:02:45 | INFO     | get_historical_data:108 - Загружено 1000 свечей | Общее количество: 2610000 | Диапазон: 2024-06-22 15:50 - 2024-06-23 08:29
2025-08-14 18:02:47 | INFO     | get_historical_data:108 - Загружено 1000 свечей | Общее количество: 2615000 | Диапазон: 2024-06-26 03:10 - 2024-06-26 19:49
2025-08-14 18:02:49 | INFO     | get_historical_data:108 - Загружено 1000 свечей | Общее количество: 2620000 | Диапазон: 2024-06-29 14:30 - 2024-06-30 07:09
2025-08-14 18:02:51 | INFO     | get_historical_data:108 - Загружено 1000 свечей | Общее количество: 2625000 | Диапазон: 2024-07-03 01:50 - 2024-07-03 18:29
2025-08-14 18:02:54 | INFO     | get_historical_data:108 - Загружено 1000 свечей | Общее количество: 2630000 | Диапазон: 2024-07-06 13:10 - 2024-07-07 05:49
2025-08-14 18:02:56 | INFO     | get_historical_data:108 - Загружено 1000 свечей | Общее количество: 2635000 | Диапазон: 2024-07-10 00:30 - 2024-07-10 17:09
2025-08-14 18:02:58 | INFO     | get_historical_data:108 - Загружено 1000 свечей | Общее количество: 2640000 | Диапазон: 2024-07-13 11:50 - 2024-07-14 04:29
2025-08-14 18:03:00 | INFO     | get_historical_data:108 - Загружено 1000 свечей | Общее количество: 2645000 | Диапазон: 2024-07-16 23:10 - 2024-07-17 15:49
2025-08-14 18:03:02 | INFO     | get_historical_data:108 - Загружено 1000 свечей | Общее количество: 2650000 | Диапазон: 2024-07-20 10:30 - 2024-07-21 03:09
2025-08-14 18:03:05 | INFO     | get_historical_data:108 - Загружено 1000 свечей | Общее количество: 2655000 | Диапазон: 2024-07-23 21:50 - 2024-07-24 14:29
2025-08-14 18:03:07 | INFO     | get_historical_data:108 - Загружено 1000 свечей | Общее количество: 2660000 | Диапазон: 2024-07-27 09:10 - 2024-07-28 01:49
2025-08-14 18:03:09 | INFO     | get_historical_data:108 - Загружено 1000 свечей | Общее количество: 2665000 | Диапазон: 2024-07-30 20:30 - 2024-07-31 13:09
2025-08-14 18:03:11 | INFO     | get_historical_data:108 - Загружено 1000 свечей | Общее количество: 2670000 | Диапазон: 2024-08-03 07:50 - 2024-08-04 00:29
2025-08-14 18:03:13 | INFO     | get_historical_data:108 - Загружено 1000 свечей | Общее количество: 2675000 | Диапазон: 2024-08-06 19:10 - 2024-08-07 11:49
2025-08-14 18:03:16 | INFO     | get_historical_data:108 - Загружено 1000 свечей | Общее количество: 2680000 | Диапазон: 2024-08-10 06:30 - 2024-08-10 23:09
2025-08-14 18:03:18 | INFO     | get_historical_data:108 - Загружено 1000 свечей | Общее количество: 2685000 | Диапазон: 2024-08-13 17:50 - 2024-08-14 10:29
2025-08-14 18:03:20 | INFO     | get_historical_data:108 - Загружено 1000 свечей | Общее количество: 2690000 | Диапазон: 2024-08-17 05:10 - 2024-08-17 21:49
2025-08-14 18:03:22 | INFO     | get_historical_data:108 - Загружено 1000 свечей | Общее количество: 2695000 | Диапазон: 2024-08-20 16:30 - 2024-08-21 09:09
2025-08-14 18:03:25 | INFO     | get_historical_data:108 - Загружено 1000 свечей | Общее количество: 2700000 | Диапазон: 2024-08-24 03:50 - 2024-08-24 20:29
2025-08-14 18:03:27 | INFO     | get_historical_data:108 - Загружено 1000 свечей | Общее количество: 2705000 | Диапазон: 2024-08-27 15:10 - 2024-08-28 07:49
2025-08-14 18:03:29 | INFO     | get_historical_data:108 - Загружено 1000 свечей | Общее количество: 2710000 | Диапазон: 2024-08-31 02:30 - 2024-08-31 19:09
2025-08-14 18:03:31 | INFO     | get_historical_data:108 - Загружено 1000 свечей | Общее количество: 2715000 | Диапазон: 2024-09-03 13:50 - 2024-09-04 06:29
2025-08-14 18:03:34 | INFO     | get_historical_data:108 - Загружено 1000 свечей | Общее количество: 2720000 | Диапазон: 2024-09-07 01:10 - 2024-09-07 17:49
2025-08-14 18:03:36 | INFO     | get_historical_data:108 - Загружено 1000 свечей | Общее количество: 2725000 | Диапазон: 2024-09-10 12:30 - 2024-09-11 05:09
2025-08-14 18:03:38 | INFO     | get_historical_data:108 - Загружено 1000 свечей | Общее количество: 2730000 | Диапазон: 2024-09-13 23:50 - 2024-09-14 16:29
2025-08-14 18:03:40 | INFO     | get_historical_data:108 - Загружено 1000 свечей | Общее количество: 2735000 | Диапазон: 2024-09-17 11:10 - 2024-09-18 03:49
2025-08-14 18:03:42 | INFO     | get_historical_data:108 - Загружено 1000 свечей | Общее количество: 2740000 | Диапазон: 2024-09-20 22:30 - 2024-09-21 15:09
2025-08-14 18:03:44 | INFO     | get_historical_data:108 - Загружено 1000 свечей | Общее количество: 2745000 | Диапазон: 2024-09-24 09:50 - 2024-09-25 02:29
2025-08-14 18:03:47 | INFO     | get_historical_data:108 - Загружено 1000 свечей | Общее количество: 2750000 | Диапазон: 2024-09-27 21:10 - 2024-09-28 13:49
2025-08-14 18:03:49 | INFO     | get_historical_data:108 - Загружено 1000 свечей | Общее количество: 2755000 | Диапазон: 2024-10-01 08:30 - 2024-10-02 01:09
2025-08-14 18:03:51 | INFO     | get_historical_data:108 - Загружено 1000 свечей | Общее количество: 2760000 | Диапазон: 2024-10-04 19:50 - 2024-10-05 12:29
2025-08-14 18:03:53 | INFO     | get_historical_data:108 - Загружено 1000 свечей | Общее количество: 2765000 | Диапазон: 2024-10-08 07:10 - 2024-10-08 23:49
2025-08-14 18:03:55 | INFO     | get_historical_data:108 - Загружено 1000 свечей | Общее количество: 2770000 | Диапазон: 2024-10-11 18:30 - 2024-10-12 11:09
2025-08-14 18:03:58 | INFO     | get_historical_data:108 - Загружено 1000 свечей | Общее количество: 2775000 | Диапазон: 2024-10-15 05:50 - 2024-10-15 22:29
2025-08-14 18:04:00 | INFO     | get_historical_data:108 - Загружено 1000 свечей | Общее количество: 2780000 | Диапазон: 2024-10-18 17:10 - 2024-10-19 09:49
2025-08-14 18:04:02 | INFO     | get_historical_data:108 - Загружено 1000 свечей | Общее количество: 2785000 | Диапазон: 2024-10-22 04:30 - 2024-10-22 21:09
2025-08-14 18:04:04 | INFO     | get_historical_data:108 - Загружено 1000 свечей | Общее количество: 2790000 | Диапазон: 2024-10-25 15:50 - 2024-10-26 08:29
2025-08-14 18:04:06 | INFO     | get_historical_data:108 - Загружено 1000 свечей | Общее количество: 2795000 | Диапазон: 2024-10-29 03:10 - 2024-10-29 19:49
2025-08-14 18:04:09 | INFO     | get_historical_data:108 - Загружено 1000 свечей | Общее количество: 2800000 | Диапазон: 2024-11-01 14:30 - 2024-11-02 07:09
2025-08-14 18:04:11 | INFO     | get_historical_data:108 - Загружено 1000 свечей | Общее количество: 2805000 | Диапазон: 2024-11-05 01:50 - 2024-11-05 18:29
2025-08-14 18:04:13 | INFO     | get_historical_data:108 - Загружено 1000 свечей | Общее количество: 2810000 | Диапазон: 2024-11-08 13:10 - 2024-11-09 05:49
2025-08-14 18:04:15 | INFO     | get_historical_data:108 - Загружено 1000 свечей | Общее количество: 2815000 | Диапазон: 2024-11-12 00:30 - 2024-11-12 17:09
2025-08-14 18:04:19 | INFO     | get_historical_data:108 - Загружено 1000 свечей | Общее количество: 2820000 | Диапазон: 2024-11-15 11:50 - 2024-11-16 04:29
2025-08-14 18:04:21 | INFO     | get_historical_data:108 - Загружено 1000 свечей | Общее количество: 2825000 | Диапазон: 2024-11-18 23:10 - 2024-11-19 15:49
2025-08-14 18:04:23 | INFO     | get_historical_data:108 - Загружено 1000 свечей | Общее количество: 2830000 | Диапазон: 2024-11-22 10:30 - 2024-11-23 03:09
2025-08-14 18:04:25 | INFO     | get_historical_data:108 - Загружено 1000 свечей | Общее количество: 2835000 | Диапазон: 2024-11-25 21:50 - 2024-11-26 14:29
2025-08-14 18:04:27 | INFO     | get_historical_data:108 - Загружено 1000 свечей | Общее количество: 2840000 | Диапазон: 2024-11-29 09:10 - 2024-11-30 01:49
2025-08-14 18:04:30 | INFO     | get_historical_data:108 - Загружено 1000 свечей | Общее количество: 2845000 | Диапазон: 2024-12-02 20:30 - 2024-12-03 13:09
2025-08-14 18:04:32 | INFO     | get_historical_data:108 - Загружено 1000 свечей | Общее количество: 2850000 | Диапазон: 2024-12-06 07:50 - 2024-12-07 00:29
2025-08-14 18:04:34 | INFO     | get_historical_data:108 - Загружено 1000 свечей | Общее количество: 2855000 | Диапазон: 2024-12-09 19:10 - 2024-12-10 11:49
2025-08-14 18:04:36 | INFO     | get_historical_data:108 - Загружено 1000 свечей | Общее количество: 2860000 | Диапазон: 2024-12-13 06:30 - 2024-12-13 23:09
2025-08-14 18:04:38 | INFO     | get_historical_data:108 - Загружено 1000 свечей | Общее количество: 2865000 | Диапазон: 2024-12-16 17:50 - 2024-12-17 10:29
2025-08-14 18:04:41 | INFO     | get_historical_data:108 - Загружено 1000 свечей | Общее количество: 2870000 | Диапазон: 2024-12-20 05:10 - 2024-12-20 21:49
2025-08-14 18:04:43 | INFO     | get_historical_data:108 - Загружено 1000 свечей | Общее количество: 2875000 | Диапазон: 2024-12-23 16:30 - 2024-12-24 09:09
2025-08-14 18:04:45 | INFO     | get_historical_data:108 - Загружено 1000 свечей | Общее количество: 2880000 | Диапазон: 2024-12-27 03:50 - 2024-12-27 20:29
2025-08-14 18:04:47 | INFO     | get_historical_data:108 - Загружено 1000 свечей | Общее количество: 2885000 | Диапазон: 2024-12-30 15:10 - 2024-12-31 07:49
2025-08-14 18:04:49 | INFO     | get_historical_data:108 - Загружено 1000 свечей | Общее количество: 2890000 | Диапазон: 2025-01-03 02:30 - 2025-01-03 19:09
2025-08-14 18:04:51 | INFO     | get_historical_data:108 - Загружено 1000 свечей | Общее количество: 2895000 | Диапазон: 2025-01-06 13:50 - 2025-01-07 06:29
2025-08-14 18:04:54 | INFO     | get_historical_data:108 - Загружено 1000 свечей | Общее количество: 2900000 | Диапазон: 2025-01-10 01:10 - 2025-01-10 17:49
2025-08-14 18:04:56 | INFO     | get_historical_data:108 - Загружено 1000 свечей | Общее количество: 2905000 | Диапазон: 2025-01-13 12:30 - 2025-01-14 05:09
2025-08-14 18:04:58 | INFO     | get_historical_data:108 - Загружено 1000 свечей | Общее количество: 2910000 | Диапазон: 2025-01-16 23:50 - 2025-01-17 16:29
2025-08-14 18:05:00 | INFO     | get_historical_data:108 - Загружено 1000 свечей | Общее количество: 2915000 | Диапазон: 2025-01-20 11:10 - 2025-01-21 03:49
2025-08-14 18:05:03 | INFO     | get_historical_data:108 - Загружено 1000 свечей | Общее количество: 2920000 | Диапазон: 2025-01-23 22:30 - 2025-01-24 15:09
2025-08-14 18:05:06 | INFO     | get_historical_data:108 - Загружено 1000 свечей | Общее количество: 2925000 | Диапазон: 2025-01-27 09:50 - 2025-01-28 02:29
2025-08-14 18:05:08 | INFO     | get_historical_data:108 - Загружено 1000 свечей | Общее количество: 2930000 | Диапазон: 2025-01-30 21:10 - 2025-01-31 13:49
2025-08-14 18:05:11 | INFO     | get_historical_data:108 - Загружено 1000 свечей | Общее количество: 2935000 | Диапазон: 2025-02-03 08:30 - 2025-02-04 01:09
2025-08-14 18:05:14 | INFO     | get_historical_data:108 - Загружено 1000 свечей | Общее количество: 2940000 | Диапазон: 2025-02-06 19:50 - 2025-02-07 12:29
2025-08-14 18:05:16 | INFO     | get_historical_data:108 - Загружено 1000 свечей | Общее количество: 2945000 | Диапазон: 2025-02-10 07:10 - 2025-02-10 23:49
2025-08-14 18:05:18 | INFO     | get_historical_data:108 - Загружено 1000 свечей | Общее количество: 2950000 | Диапазон: 2025-02-13 18:30 - 2025-02-14 11:09
2025-08-14 18:05:21 | INFO     | get_historical_data:108 - Загружено 1000 свечей | Общее количество: 2955000 | Диапазон: 2025-02-17 05:50 - 2025-02-17 22:29
2025-08-14 18:05:23 | INFO     | get_historical_data:108 - Загружено 1000 свечей | Общее количество: 2960000 | Диапазон: 2025-02-20 17:10 - 2025-02-21 09:49
2025-08-14 18:05:25 | INFO     | get_historical_data:108 - Загружено 1000 свечей | Общее количество: 2965000 | Диапазон: 2025-02-24 04:30 - 2025-02-24 21:09
2025-08-14 18:05:28 | INFO     | get_historical_data:108 - Загружено 1000 свечей | Общее количество: 2970000 | Диапазон: 2025-02-27 15:50 - 2025-02-28 08:29
2025-08-14 18:05:30 | INFO     | get_historical_data:108 - Загружено 1000 свечей | Общее количество: 2975000 | Диапазон: 2025-03-03 03:10 - 2025-03-03 19:49
2025-08-14 18:05:33 | INFO     | get_historical_data:108 - Загружено 1000 свечей | Общее количество: 2980000 | Диапазон: 2025-03-06 14:30 - 2025-03-07 07:09
2025-08-14 18:05:35 | INFO     | get_historical_data:108 - Загружено 1000 свечей | Общее количество: 2985000 | Диапазон: 2025-03-10 01:50 - 2025-03-10 18:29
2025-08-14 18:05:37 | INFO     | get_historical_data:108 - Загружено 1000 свечей | Общее количество: 2990000 | Диапазон: 2025-03-13 13:10 - 2025-03-14 05:49
2025-08-14 18:05:39 | INFO     | get_historical_data:108 - Загружено 1000 свечей | Общее количество: 2995000 | Диапазон: 2025-03-17 00:30 - 2025-03-17 17:09
2025-08-14 18:05:42 | INFO     | get_historical_data:108 - Загружено 1000 свечей | Общее количество: 3000000 | Диапазон: 2025-03-20 11:50 - 2025-03-21 04:29
2025-08-14 18:05:45 | INFO     | get_historical_data:108 - Загружено 1000 свечей | Общее количество: 3005000 | Диапазон: 2025-03-23 23:10 - 2025-03-24 15:49
2025-08-14 18:05:47 | INFO     | get_historical_data:108 - Загружено 1000 свечей | Общее количество: 3010000 | Диапазон: 2025-03-27 10:30 - 2025-03-28 03:09
2025-08-14 18:05:50 | INFO     | get_historical_data:108 - Загружено 1000 свечей | Общее количество: 3015000 | Диапазон: 2025-03-30 21:50 - 2025-03-31 14:29
2025-08-14 18:05:52 | INFO     | get_historical_data:108 - Загружено 1000 свечей | Общее количество: 3020000 | Диапазон: 2025-04-03 09:10 - 2025-04-04 01:49
2025-08-14 18:05:55 | INFO     | get_historical_data:108 - Загружено 1000 свечей | Общее количество: 3025000 | Диапазон: 2025-04-06 20:30 - 2025-04-07 13:09
2025-08-14 18:05:58 | INFO     | get_historical_data:108 - Загружено 1000 свечей | Общее количество: 3030000 | Диапазон: 2025-04-10 07:50 - 2025-04-11 00:29
2025-08-14 18:06:00 | INFO     | get_historical_data:108 - Загружено 1000 свечей | Общее количество: 3035000 | Диапазон: 2025-04-13 19:10 - 2025-04-14 11:49
2025-08-14 18:06:03 | INFO     | get_historical_data:108 - Загружено 1000 свечей | Общее количество: 3040000 | Диапазон: 2025-04-17 06:30 - 2025-04-17 23:09
2025-08-14 18:06:05 | INFO     | get_historical_data:108 - Загружено 1000 свечей | Общее количество: 3045000 | Диапазон: 2025-04-20 17:50 - 2025-04-21 10:29
2025-08-14 18:06:07 | INFO     | get_historical_data:108 - Загружено 1000 свечей | Общее количество: 3050000 | Диапазон: 2025-04-24 05:10 - 2025-04-24 21:49
2025-08-14 18:06:10 | INFO     | get_historical_data:108 - Загружено 1000 свечей | Общее количество: 3055000 | Диапазон: 2025-04-27 16:30 - 2025-04-28 09:09
2025-08-14 18:06:12 | INFO     | get_historical_data:108 - Загружено 1000 свечей | Общее количество: 3060000 | Диапазон: 2025-05-01 03:50 - 2025-05-01 20:29
2025-08-14 18:06:14 | INFO     | get_historical_data:108 - Загружено 1000 свечей | Общее количество: 3065000 | Диапазон: 2025-05-04 15:10 - 2025-05-05 07:49
2025-08-14 18:06:17 | INFO     | get_historical_data:108 - Загружено 1000 свечей | Общее количество: 3070000 | Диапазон: 2025-05-08 02:30 - 2025-05-08 19:09
2025-08-14 18:06:19 | INFO     | get_historical_data:108 - Загружено 1000 свечей | Общее количество: 3075000 | Диапазон: 2025-05-11 13:50 - 2025-05-12 06:29
2025-08-14 18:06:22 | INFO     | get_historical_data:108 - Загружено 1000 свечей | Общее количество: 3080000 | Диапазон: 2025-05-15 01:10 - 2025-05-15 17:49
2025-08-14 18:06:24 | INFO     | get_historical_data:108 - Загружено 1000 свечей | Общее количество: 3085000 | Диапазон: 2025-05-18 12:30 - 2025-05-19 05:09
2025-08-14 18:06:26 | INFO     | get_historical_data:108 - Загружено 1000 свечей | Общее количество: 3090000 | Диапазон: 2025-05-21 23:50 - 2025-05-22 16:29
2025-08-14 18:06:28 | INFO     | get_historical_data:108 - Загружено 1000 свечей | Общее количество: 3095000 | Диапазон: 2025-05-25 11:10 - 2025-05-26 03:49
2025-08-14 18:06:30 | INFO     | get_historical_data:108 - Загружено 1000 свечей | Общее количество: 3100000 | Диапазон: 2025-05-28 22:30 - 2025-05-29 15:09
2025-08-14 18:06:33 | INFO     | get_historical_data:108 - Загружено 1000 свечей | Общее количество: 3105000 | Диапазон: 2025-06-01 09:50 - 2025-06-02 02:29
2025-08-14 18:06:35 | INFO     | get_historical_data:108 - Загружено 1000 свечей | Общее количество: 3110000 | Диапазон: 2025-06-04 21:10 - 2025-06-05 13:49
2025-08-14 18:06:37 | INFO     | get_historical_data:108 - Загружено 1000 свечей | Общее количество: 3115000 | Диапазон: 2025-06-08 08:30 - 2025-06-09 01:09
2025-08-14 18:06:39 | INFO     | get_historical_data:108 - Загружено 1000 свечей | Общее количество: 3120000 | Диапазон: 2025-06-11 19:50 - 2025-06-12 12:29
2025-08-14 18:06:42 | INFO     | get_historical_data:108 - Загружено 1000 свечей | Общее количество: 3125000 | Диапазон: 2025-06-15 07:10 - 2025-06-15 23:49
2025-08-14 18:06:44 | INFO     | get_historical_data:108 - Загружено 1000 свечей | Общее количество: 3130000 | Диапазон: 2025-06-18 18:30 - 2025-06-19 11:09
2025-08-14 18:06:46 | INFO     | get_historical_data:108 - Загружено 1000 свечей | Общее количество: 3135000 | Диапазон: 2025-06-22 05:50 - 2025-06-22 22:29
2025-08-14 18:06:49 | INFO     | get_historical_data:108 - Загружено 1000 свечей | Общее количество: 3140000 | Диапазон: 2025-06-25 17:10 - 2025-06-26 09:49
2025-08-14 18:06:51 | INFO     | get_historical_data:108 - Загружено 1000 свечей | Общее количество: 3145000 | Диапазон: 2025-06-29 04:30 - 2025-06-29 21:09
2025-08-14 18:06:55 | INFO     | get_historical_data:108 - Загружено 1000 свечей | Общее количество: 3150000 | Диапазон: 2025-07-02 15:50 - 2025-07-03 08:29
2025-08-14 18:06:57 | INFO     | get_historical_data:108 - Загружено 1000 свечей | Общее количество: 3155000 | Диапазон: 2025-07-06 03:10 - 2025-07-06 19:49
2025-08-14 18:06:59 | INFO     | get_historical_data:108 - Загружено 1000 свечей | Общее количество: 3160000 | Диапазон: 2025-07-09 14:30 - 2025-07-10 07:09
2025-08-14 18:07:02 | INFO     | get_historical_data:108 - Загружено 1000 свечей | Общее количество: 3165000 | Диапазон: 2025-07-13 01:50 - 2025-07-13 18:29
2025-08-14 18:07:04 | INFO     | get_historical_data:108 - Загружено 1000 свечей | Общее количество: 3170000 | Диапазон: 2025-07-16 13:10 - 2025-07-17 05:49
2025-08-14 18:07:12 | INFO     | get_historical_data:108 - Загружено 1000 свечей | Общее количество: 3175000 | Диапазон: 2025-07-20 00:30 - 2025-07-20 17:09
2025-08-14 18:07:17 | INFO     | get_historical_data:108 - Загружено 1000 свечей | Общее количество: 3180000 | Диапазон: 2025-07-23 11:50 - 2025-07-24 04:29
2025-08-14 18:07:20 | INFO     | get_historical_data:108 - Загружено 1000 свечей | Общее количество: 3185000 | Диапазон: 2025-07-26 23:10 - 2025-07-27 15:49
2025-08-14 18:07:24 | INFO     | get_historical_data:108 - Загружено 1000 свечей | Общее количество: 3190000 | Диапазон: 2025-07-30 10:30 - 2025-07-31 03:09
2025-08-14 18:07:26 | INFO     | get_historical_data:108 - Загружено 1000 свечей | Общее количество: 3195000 | Диапазон: 2025-08-02 21:50 - 2025-08-03 14:29
2025-08-14 18:07:30 | INFO     | get_historical_data:108 - Загружено 1000 свечей | Общее количество: 3200000 | Диапазон: 2025-08-06 09:10 - 2025-08-07 01:49
2025-08-14 18:07:34 | INFO     | get_historical_data:108 - Загружено 1000 свечей | Общее количество: 3205000 | Диапазон: 2025-08-09 20:30 - 2025-08-10 13:09
2025-08-14 18:07:37 | INFO     | get_historical_data:108 - Загружено 531 свечей | Общее количество: 3208531 | Диапазон: 2025-08-12 15:10 - 2025-08-13 00:00
2025-08-14 18:07:37 | SUCCESS  | get_historical_data:121 - Завершено! Всего получено 3208531 свечей за 3209 запросов
2025-08-14 18:09:57 | INFO     | get_historical_data:150 - Статистика данных: 3208531 свечей за 2230 дней
2025-08-14 18:10:14 | SUCCESS  | save_to_csv:180 - Данные успешно сохранены в data.csv
2025-08-14 18:10:14 | INFO     | save_to_csv:181 - Размер файла: 256.61 MB | Строк: 3208531
2025-08-14 18:10:14 | SUCCESS  | main:211 - ПРОЦЕСС ЗАВЕРШЕН УСПЕШНО!
2025-08-14 18:10:14 | INFO     | main:212 - Время выполнения: 1604.56 секунд
2025-08-14 18:10:14 | INFO     | main:213 - Средняя скорость: 1999.63 свечей/сек
